scene_id,acq_time_utc,lon,lat,bbox_w_m,bbox_h_m,length_class_m,confidence,aspect_ratio,wake_flag,range_km,detector,nir_snr,size_class,n_years_at_cell,transient
20200730_192942_71_1059,2020-07-30T19:29:42.712659Z,-125.217012,48.791372,60.5,83.6,83.6,0.707,1.38,0,5.155,A,,>24m,1,1
20200730_192942_71_1059,2020-07-30T19:29:42.712659Z,-125.216599,48.791384,123.5,89.1,123.5,0.6682,1.39,0,5.181,A,,>24m,1,1
20200730_192942_71_1059,2020-07-30T19:29:42.712659Z,-125.242591,48.833523,24.6,30.0,30.0,0.6675,1.22,0,3.383,A,,>24m,1,1
20200730_192942_71_1059,2020-07-30T19:29:42.712659Z,-125.225263,48.815797,32.1,48.2,48.2,0.6173,1.5,0,3.886,A,,>24m,1,1
20200730_192942_71_1059,2020-07-30T19:29:42.712659Z,-125.232992,48.82124,23.4,28.8,28.8,0.6124,1.23,0,3.407,A,,>24m,1,1
20200730_192942_71_1059,2020-07-30T19:29:42.712659Z,-125.237962,48.849354,139.4,64.1,139.4,0.6036,2.17,0,4.898,A,,>24m,1,1
20200730_192942_71_1059,2020-07-30T19:29:42.712659Z,-125.261024,48.835222,27.3,42.6,42.6,0.5836,1.56,0,2.657,A,,>24m,1,1
20200730_192942_71_1059,2020-07-30T19:29:42.712659Z,-125.310622,48.854837,25.6,36.7,36.7,0.5625,1.43,0,5.101,A,,>24m,1,1
20200730_192942_71_1059,2020-07-30T19:29:42.712659Z,-125.323365,48.844061,29.2,37.1,37.1,0.5382,1.27,0,4.682,A,,>24m,2,0
20200730_192942_71_1059,2020-07-30T19:29:42.712659Z,-125.219168,48.83111,32.2,44.9,44.9,0.5354,1.39,0,4.718,A,,>24m,2,0
20200730_192942_71_1059,2020-07-30T19:29:42.712659Z,-125.220337,48.818951,22.0,23.2,23.2,0.5313,1.05,0,4.275,A,,12-24m,1,1
20200730_192942_71_1059,2020-07-30T19:29:42.712659Z,-125.22729,48.816343,22.7,23.6,23.6,0.4939,1.04,0,3.741,A,,12-24m,1,1
20200730_192942_71_1059,2020-07-30T19:29:42.712659Z,-125.24481,48.831152,25.9,20.7,25.9,0.4922,1.25,0,3.091,A,,>24m,1,1
20200730_192942_71_1059,2020-07-30T19:29:42.712659Z,-125.227645,48.782383,22.2,37.8,37.8,0.4854,1.71,0,5.125,A,,>24m,1,1
20200730_192942_71_1059,2020-07-30T19:29:42.712659Z,-125.243263,48.830876,27.6,35.7,35.7,0.4782,1.29,0,3.164,A,,>24m,3,0
20200730_192942_71_1059,2020-07-30T19:29:42.712659Z,-125.226029,48.846899,35.7,27.4,35.7,0.4714,1.3,0,5.277,A,,>24m,1,1
20200730_192942_71_1059,2020-07-30T19:29:42.712659Z,-125.23881,48.829427,21.2,23.9,23.9,0.456,1.12,0,3.349,A,,12-24m,6,0
20200730_192942_71_1059,2020-07-30T19:29:42.712659Z,-125.313113,48.854821,25.7,31.4,31.4,0.4358,1.22,0,5.187,A,,>24m,2,0
20200730_192942_71_1059,2020-07-30T19:29:42.712659Z,-125.294564,48.846576,25.5,25.3,25.5,0.4091,1.01,0,3.792,A,,>24m,1,1
20200730_192942_71_1059,2020-07-30T19:29:42.712659Z,-125.21836,48.83355,19.6,25.7,25.7,0.3941,1.31,0,4.886,A,,>24m,5,0
20200730_192942_71_1059,2020-07-30T19:29:42.712659Z,-125.22974,48.846171,44.0,30.8,44.0,0.3633,1.43,0,5.026,A,,>24m,1,1
20200730_192942_71_1059,2020-07-30T19:29:42.712659Z,-125.258716,48.798369,23.4,24.5,24.5,0.3083,1.05,0,2.27,A,,>24m,1,1
20200730_192942_71_1059,2020-07-30T19:29:42.712659Z,-125.31305,48.848821,25.9,18.9,25.9,0.3056,1.36,0,4.615,A,,>24m,1,1
20200730_192942_71_1059,2020-07-30T19:29:42.712659Z,-125.241226,48.820818,18.5,23.6,23.6,0.2669,1.28,0,2.811,A,,12-24m,1,1
20200730_192942_71_1059,2020-07-30T19:29:42.712659Z,-125.231182,48.787709,27.3,73.4,73.4,0.2592,2.68,1,4.536,A,,>24m,1,1
20200730_192942_71_1059,2020-07-30T19:29:42.712659Z,-125.218637,48.832393,30.6,36.8,36.8,0.2462,1.2,0,4.812,A,,>24m,2,0
20200730_192942_71_1059,2020-07-30T19:29:42.712659Z,-125.244581,48.830348,63.8,65.1,65.1,0.2363,1.02,0,3.051,A,,>24m,2,0
20200730_192942_71_1059,2020-07-30T19:29:42.712659Z,-125.221777,48.827792,21.4,20.7,21.4,0.2229,1.03,0,4.404,A,,12-24m,1,1
20200730_192942_71_1059,2020-07-30T19:29:42.712659Z,-125.243911,48.830572,20.0,20.4,20.4,0.2146,1.02,0,3.105,A,,12-24m,3,0
20200730_192942_71_1059,2020-07-30T19:29:42.712659Z,-125.332811,48.819416,20.6,22.0,22.0,0.2086,1.07,0,4.035,A,,12-24m,1,1
20200730_192942_71_1059,2020-07-30T19:29:42.712659Z,-125.234744,48.814682,23.2,24.0,24.0,0.1865,1.04,0,3.188,A,,>24m,1,1
20200730_192942_71_1059,2020-07-30T19:29:42.712659Z,-125.321941,48.818937,23.2,19.8,23.2,0.1856,1.17,0,3.24,A,,12-24m,1,1
20200730_192942_71_1059,2020-07-30T19:29:42.712659Z,-125.230123,48.791752,19.1,24.1,24.1,0.1522,1.26,0,4.321,A,,>24m,1,1
20200730_192942_71_1059,2020-07-30T19:29:42.712659Z,-125.241368,48.805262,67.8,143.7,143.7,0.1123,2.12,0,2.88,A,,>24m,1,1
20200730_192942_71_1059,2020-07-30T19:29:42.712659Z,-125.243936,48.831538,36.1,31.3,36.1,0.1056,1.15,0,3.168,A,,>24m,1,1
20200730_192942_71_1059,2020-07-30T19:29:42.712659Z,-125.243774,48.830014,21.9,24.7,24.7,0.099,1.13,0,3.078,A,,>24m,1,1
20200730_192942_71_1059,2020-07-30T19:29:42.712659Z,-125.222174,48.827781,24.2,21.6,24.2,0.0985,1.12,0,4.376,A,,>24m,1,1
20200730_192942_71_1059,2020-07-30T19:29:42.712659Z,-125.240687,48.832053,21.3,26.0,26.0,0.0853,1.22,0,3.393,A,,>24m,3,0
20200730_192942_71_1059,2020-07-30T19:29:42.712659Z,-125.285412,48.843418,37.0,20.4,37.0,0.073,1.82,0,3.291,A,,>24m,1,1
20200730_192942_71_1059,2020-07-30T19:29:42.712659Z,-125.345741,48.852016,29.1,50.3,50.3,0.0711,1.73,0,6.486,A,,>24m,2,0
20200730_192942_71_1059,2020-07-30T19:29:42.712659Z,-125.217361,48.78931,51.4,40.8,51.4,0.0536,1.26,0,5.25,A,,>24m,1,1
20200730_192942_71_1059,2020-07-30T19:29:42.712659Z,-125.338946,48.844793,27.3,64.2,64.2,0.0533,2.35,0,5.594,A,,>24m,1,1
20200806_183328_89_2206,2020-08-06T18:33:28.895946Z,-125.223028,48.792205,131.4,59.0,131.4,0.4163,2.23,0,4.728,A,,>24m,3,0
20200806_183328_89_2206,2020-08-06T18:33:28.895946Z,-125.315536,48.814887,30.1,41.5,41.5,0.3111,1.38,0,2.729,A,,>24m,1,1
20200806_183328_89_2206,2020-08-06T18:33:28.895946Z,-125.229121,48.772778,26.3,31.4,31.4,0.2532,1.2,0,5.846,A,,>24m,1,1
20200806_183328_89_2206,2020-08-06T18:33:28.895946Z,-125.296445,48.807367,41.7,47.0,47.0,0.1872,1.13,0,1.532,A,,>24m,1,1
20200806_183328_89_2206,2020-08-06T18:33:28.895946Z,-125.293821,48.830684,53.6,89.2,89.2,0.1505,1.66,0,2.158,A,,>24m,1,1
20200806_183328_89_2206,2020-08-06T18:33:28.895946Z,-125.313618,48.819393,28.3,37.4,37.4,0.1423,1.32,0,2.651,A,,>24m,1,1
20200806_183328_89_2206,2020-08-06T18:33:28.895946Z,-125.334318,48.836703,23.5,25.7,25.7,0.1394,1.09,0,4.805,A,,>24m,1,1
20200806_183328_89_2206,2020-08-06T18:33:28.895946Z,-125.224995,48.826992,21.7,24.9,24.9,0.1332,1.15,0,4.152,A,,>24m,1,1
20200806_183328_89_2206,2020-08-06T18:33:28.895946Z,-125.228246,48.79083,30.4,25.0,30.4,0.1191,1.22,0,4.492,A,,>24m,1,1
20200806_183328_89_2206,2020-08-06T18:33:28.895946Z,-125.30195,48.815485,24.0,31.6,31.6,0.0982,1.31,0,1.739,A,,>24m,1,1
20200806_183328_89_2206,2020-08-06T18:33:28.895946Z,-125.334892,48.814286,31.4,32.3,32.3,0.0903,1.03,0,4.145,A,,>24m,1,1
20200806_183328_89_2206,2020-08-06T18:33:28.895946Z,-125.238802,48.829416,32.4,35.7,35.7,0.0841,1.1,0,3.349,A,,>24m,6,0
20200806_183328_89_2206,2020-08-06T18:33:28.895946Z,-125.323595,48.814779,28.1,23.4,28.1,0.0765,1.2,0,3.319,A,,>24m,1,1
20200806_183328_89_2206,2020-08-06T18:33:28.895946Z,-125.268219,48.808595,23.4,25.0,25.0,0.058,1.07,0,0.965,A,,>24m,1,1
20210601_191849_05_2412,2021-06-01T19:18:49.050614Z,-125.318358,48.849882,113.6,48.3,113.6,0.52,2.35,0,4.934,A,,>24m,2,0
20210601_191849_05_2412,2021-06-01T19:18:49.050614Z,-125.331499,48.856475,37.1,24.9,37.1,0.2966,1.49,0,6.105,A,,>24m,1,1
20210601_191849_05_2412,2021-06-01T19:18:49.050614Z,-125.226196,48.826654,25.0,24.9,25.0,0.235,1.0,0,4.057,A,,>24m,1,1
20210601_191849_05_2412,2021-06-01T19:18:49.050614Z,-125.222511,48.818628,57.8,62.3,62.3,0.2198,1.08,0,4.113,A,,>24m,1,1
20210601_191849_05_2412,2021-06-01T19:18:49.050614Z,-125.244904,48.826475,19.5,20.4,20.4,0.1394,1.04,0,2.799,A,,12-24m,1,1
20210601_191849_05_2412,2021-06-01T19:18:49.050614Z,-125.218108,48.792465,50.5,58.4,58.4,0.129,1.16,0,5.026,A,,>24m,1,1
20210601_191849_05_2412,2021-06-01T19:18:49.050614Z,-125.334172,48.855246,31.6,25.1,31.6,0.0525,1.26,0,6.129,A,,>24m,1,1
20210616_183111_05_2448,2021-06-16T18:31:11.057048Z,-125.210346,48.798234,18.2,26.4,26.4,0.4942,1.45,0,5.282,A,,>24m,1,1
20210616_183111_05_2448,2021-06-16T18:31:11.057048Z,-125.321427,48.847442,29.2,30.9,30.9,0.4601,1.06,0,4.862,A,,>24m,1,1
20210616_183111_05_2448,2021-06-16T18:31:11.057048Z,-125.235856,48.81635,25.6,42.9,42.9,0.3231,1.68,0,3.115,A,,>24m,1,1
20210616_183111_05_2448,2021-06-16T18:31:11.057048Z,-125.237675,48.791844,141.5,76.2,141.5,0.2684,1.86,0,3.876,A,,>24m,1,1
20210616_183111_05_2448,2021-06-16T18:31:11.057048Z,-125.246715,48.840572,27.9,28.7,28.7,0.1413,1.03,0,3.733,A,,>24m,1,1
20210616_183111_05_2448,2021-06-16T18:31:11.057048Z,-125.220188,48.84552,22.5,22.4,22.5,0.141,1.0,0,5.496,A,,12-24m,1,1
20210616_183111_05_2448,2021-06-16T18:31:11.057048Z,-125.248834,48.841273,27.7,24.8,27.7,0.0989,1.12,0,3.702,A,,>24m,1,1
20210616_183111_05_2448,2021-06-16T18:31:11.057048Z,-125.216879,48.834478,33.8,39.7,39.7,0.0695,1.18,0,5.029,A,,>24m,2,0
20210616_183111_05_2448,2021-06-16T18:31:11.057048Z,-125.249813,48.842065,25.2,22.1,25.2,0.0651,1.14,0,3.734,A,,>24m,1,1
20210616_183111_05_2448,2021-06-16T18:31:11.057048Z,-125.248045,48.840998,94.5,57.7,94.5,0.0556,1.64,0,3.712,A,,>24m,1,1
20210616_183111_05_2448,2021-06-16T18:31:11.057048Z,-125.252299,48.843045,28.5,28.8,28.8,0.0548,1.01,0,3.729,A,,>24m,1,1
20210626_182926_29_2457,2021-06-26T18:29:26.294082Z,-125.215995,48.853342,127.6,50.6,127.6,0.6814,2.52,1,6.303,A,,>24m,1,1
20210626_182926_29_2457,2021-06-26T18:29:26.294082Z,-125.226827,48.845586,45.2,50.0,50.0,0.6492,1.11,0,5.135,A,,>24m,1,1
20210626_182926_29_2457,2021-06-26T18:29:26.294082Z,-125.321306,48.847934,23.3,33.8,33.8,0.6201,1.45,0,4.898,A,,>24m,1,1
20210626_182926_29_2457,2021-06-26T18:29:26.294082Z,-125.256759,48.781724,38.0,38.9,38.9,0.6016,1.02,0,3.94,A,,>24m,1,1
20210626_182926_29_2457,2021-06-26T18:29:26.294082Z,-125.311202,48.856189,30.0,40.5,40.5,0.5782,1.35,0,5.254,A,,>24m,1,1
20210626_182926_29_2457,2021-06-26T18:29:26.294082Z,-125.28762,48.852508,44.6,31.8,44.6,0.555,1.4,0,4.314,A,,>24m,1,1
20210626_182926_29_2457,2021-06-26T18:29:26.294082Z,-125.322235,48.848747,41.1,38.1,41.1,0.534,1.08,0,5.011,A,,>24m,1,1
20210626_182926_29_2457,2021-06-26T18:29:26.294082Z,-125.315938,48.851133,22.7,30.1,30.1,0.4647,1.33,0,4.946,A,,>24m,1,1
20210626_182926_29_2457,2021-06-26T18:29:26.294082Z,-125.23411,48.841996,40.9,35.7,40.9,0.4625,1.15,0,4.473,A,,>24m,1,1
20210626_182926_29_2457,2021-06-26T18:29:26.294082Z,-125.233022,48.841536,95.9,81.2,95.9,0.4526,1.18,0,4.496,A,,>24m,1,1
20210626_182926_29_2457,2021-06-26T18:29:26.294082Z,-125.319575,48.848665,22.0,25.8,25.8,0.4315,1.17,0,4.881,A,,>24m,1,1
20210626_182926_29_2457,2021-06-26T18:29:26.294082Z,-125.277347,48.795177,22.9,34.0,34.0,0.3923,1.49,0,2.116,A,,>24m,1,1
20210626_182926_29_2457,2021-06-26T18:29:26.294082Z,-125.318386,48.849793,28.5,29.0,29.0,0.3641,1.02,0,4.928,A,,>24m,2,0
20210626_182926_29_2457,2021-06-26T18:29:26.294082Z,-125.227182,48.845164,19.5,24.2,24.2,0.3315,1.24,0,5.084,A,,>24m,1,1
20210626_182926_29_2457,2021-06-26T18:29:26.294082Z,-125.222785,48.78323,85.7,56.5,85.7,0.329,1.51,0,5.327,A,,>24m,1,1
20210626_182926_29_2457,2021-06-26T18:29:26.294082Z,-125.316729,48.850489,24.0,24.7,24.7,0.3263,1.03,0,4.92,A,,>24m,1,1
20210626_182926_29_2457,2021-06-26T18:29:26.294082Z,-125.215198,48.839572,44.1,80.5,80.5,0.2861,1.83,0,5.411,A,,>24m,1,1
20210626_182926_29_2457,2021-06-26T18:29:26.294082Z,-125.243783,48.826651,26.3,33.6,33.6,0.2807,1.28,0,2.88,A,,>24m,1,1
20210626_182926_29_2457,2021-06-26T18:29:26.294082Z,-125.230023,48.844277,32.0,24.4,32.0,0.2789,1.31,0,4.864,A,,>24m,1,1
20210626_182926_29_2457,2021-06-26T18:29:26.294082Z,-125.231277,48.792225,25.6,19.0,25.6,0.2784,1.35,0,4.221,A,,>24m,1,1
20210626_182926_29_2457,2021-06-26T18:29:26.294082Z,-125.227667,48.84488,37.5,34.7,37.5,0.2719,1.08,0,5.036,A,,>24m,1,1
20210626_182926_29_2457,2021-06-26T18:29:26.294082Z,-125.316538,48.851153,21.4,23.3,23.3,0.2626,1.09,0,4.973,A,,12-24m,2,0
20210626_182926_29_2457,2021-06-26T18:29:26.294082Z,-125.215089,48.840804,32.2,48.6,48.6,0.2617,1.51,0,5.491,A,,>24m,1,1
20210626_182926_29_2457,2021-06-26T18:29:26.294082Z,-125.321205,48.846551,20.3,26.2,26.2,0.2457,1.29,0,4.776,A,,>24m,1,1
20210626_182926_29_2457,2021-06-26T18:29:26.294082Z,-125.339815,48.857459,19.0,25.9,25.9,0.2298,1.37,0,6.59,A,,>24m,1,1
20210626_182926_29_2457,2021-06-26T18:29:26.294082Z,-125.231263,48.79241,25.0,61.3,61.3,0.2254,2.46,0,4.21,A,,>24m,1,1
20210626_182926_29_2457,2021-06-26T18:29:26.294082Z,-125.218962,48.77636,23.9,21.3,23.9,0.2174,1.12,0,6.048,A,,12-24m,1,1
20210626_182926_29_2457,2021-06-26T18:29:26.294082Z,-125.321114,48.837795,22.7,24.4,24.4,0.2171,1.07,0,4.089,A,,>24m,1,1
20210626_182926_29_2457,2021-06-26T18:29:26.294082Z,-125.319506,48.850087,24.2,28.0,28.0,0.2071,1.16,0,5.003,A,,>24m,1,1
20210626_182926_29_2457,2021-06-26T18:29:26.294082Z,-125.320343,48.850224,20.0,21.7,21.7,0.1981,1.08,0,5.052,A,,12-24m,1,1
20210626_182926_29_2457,2021-06-26T18:29:26.294082Z,-125.322797,48.843907,24.1,25.6,25.6,0.1968,1.06,0,4.64,A,,>24m,1,1
20210626_182926_29_2457,2021-06-26T18:29:26.294082Z,-125.312978,48.854431,25.0,27.5,27.5,0.1958,1.1,0,5.144,A,,>24m,2,0
20210626_182926_29_2457,2021-06-26T18:29:26.294082Z,-125.317693,48.849753,24.2,25.8,25.8,0.1937,1.07,0,4.894,A,,>24m,2,0
20210626_182926_29_2457,2021-06-26T18:29:26.294082Z,-125.234399,48.789413,64.0,112.6,112.6,0.1557,1.76,0,4.234,A,,>24m,1,1
20210626_182926_29_2457,2021-06-26T18:29:26.294082Z,-125.29747,48.835915,22.4,26.9,26.9,0.1545,1.2,0,2.794,A,,>24m,1,1
20210626_182926_29_2457,2021-06-26T18:29:26.294082Z,-125.234439,48.789679,55.0,58.4,58.4,0.1541,1.06,0,4.212,A,,>24m,1,1
20210626_182926_29_2457,2021-06-26T18:29:26.294082Z,-125.31791,48.849334,26.9,27.1,27.1,0.1461,1.01,0,4.866,A,,>24m,1,1
20210626_182926_29_2457,2021-06-26T18:29:26.294082Z,-125.304551,48.835018,21.7,31.5,31.5,0.1294,1.45,0,3.01,A,,>24m,1,1
20210626_182926_29_2457,2021-06-26T18:29:26.294082Z,-125.313893,48.852033,22.3,25.9,25.9,0.1258,1.16,0,4.949,A,,>24m,2,0
20210626_182926_29_2457,2021-06-26T18:29:26.294082Z,-125.234492,48.833936,21.4,22.1,22.1,0.1225,1.03,0,3.885,A,,12-24m,1,1
20210626_182926_29_2457,2021-06-26T18:29:26.294082Z,-125.231983,48.783933,18.4,20.7,20.7,0.1166,1.12,0,4.777,A,,12-24m,1,1
20210626_182926_29_2457,2021-06-26T18:29:26.294082Z,-125.230375,48.840303,27.2,98.8,98.8,0.1166,3.63,1,4.552,A,,>24m,1,1
20210626_182926_29_2457,2021-06-26T18:29:26.294082Z,-125.230467,48.83329,86.8,108.4,108.4,0.1161,1.25,0,4.093,A,,>24m,1,1
20210626_182926_29_2457,2021-06-26T18:29:26.294082Z,-125.212958,48.847838,20.8,19.0,20.8,0.111,1.09,0,6.07,A,,12-24m,1,1
20210626_182926_29_2457,2021-06-26T18:29:26.294082Z,-125.326208,48.773282,33.8,27.0,33.8,0.1082,1.25,0,5.747,A,,>24m,1,1
20210626_182926_29_2457,2021-06-26T18:29:26.294082Z,-125.34113,48.826176,25.7,29.3,29.3,0.1026,1.14,0,4.791,A,,>24m,1,1
20210626_182926_29_2457,2021-06-26T18:29:26.294082Z,-125.23388,48.829233,65.6,108.7,108.7,0.0925,1.66,0,3.655,A,,>24m,1,1
20210626_182926_29_2457,2021-06-26T18:29:26.294082Z,-125.235088,48.79013,41.4,57.0,57.0,0.089,1.38,0,4.144,A,,>24m,1,1
20210626_182926_29_2457,2021-06-26T18:29:26.294082Z,-125.308225,48.773628,29.1,23.8,29.1,0.0874,1.22,0,5.017,A,,>24m,1,1
20210626_182926_29_2457,2021-06-26T18:29:26.294082Z,-125.262897,48.833008,24.5,25.8,25.8,0.0822,1.05,0,2.375,A,,>24m,1,1
20210626_182926_29_2457,2021-06-26T18:29:26.294082Z,-125.342887,48.827712,19.2,18.7,19.2,0.0812,1.03,0,4.963,A,,12-24m,1,1
20210626_182926_29_2457,2021-06-26T18:29:26.294082Z,-125.218064,48.796455,26.1,37.4,37.4,0.0801,1.43,0,4.831,A,,>24m,2,0
20210626_182926_29_2457,2021-06-26T18:29:26.294082Z,-125.322079,48.84557,26.0,33.6,33.6,0.0766,1.29,0,4.738,A,,>24m,1,1
20210626_182926_29_2457,2021-06-26T18:29:26.294082Z,-125.339727,48.792097,23.0,22.6,23.0,0.0654,1.01,0,5.128,A,,12-24m,1,1
20210626_182926_29_2457,2021-06-26T18:29:26.294082Z,-125.244481,48.82425,17.7,19.3,19.3,0.0612,1.09,0,2.715,A,,12-24m,1,1
20210626_182926_29_2457,2021-06-26T18:29:26.294082Z,-125.314696,48.852234,22.3,21.5,22.3,0.0596,1.04,0,4.999,A,,12-24m,2,0
20210626_182926_29_2457,2021-06-26T18:29:26.294082Z,-125.308247,48.773487,33.6,48.4,48.4,0.0516,1.44,0,5.031,A,,>24m,1,1
20210626_182926_29_2457,2021-06-26T18:29:26.294082Z,-125.323667,48.83486,68.5,78.1,78.1,0.0512,1.14,0,4.04,A,,>24m,1,1
20210730_182659_13_2434,2021-07-30T18:26:59.136637Z,-125.255738,48.774688,32.6,28.5,32.6,0.5799,1.14,0,4.693,A,,>24m,1,1
20210730_182659_13_2434,2021-07-30T18:26:59.136637Z,-125.243821,48.825725,63.8,34.3,63.8,0.5419,1.86,0,2.83,A,,>24m,1,1
20210730_182659_13_2434,2021-07-30T18:26:59.136637Z,-125.236575,48.78339,34.2,41.2,41.2,0.5029,1.2,0,4.59,A,,>24m,1,1
20210730_182659_13_2434,2021-07-30T18:26:59.136637Z,-125.223441,48.818987,36.9,32.5,36.9,0.4797,1.14,0,4.05,A,,>24m,1,1
20210730_182659_13_2434,2021-07-30T18:26:59.136637Z,-125.312448,48.852087,26.6,27.5,27.5,0.4787,1.03,0,4.899,A,,>24m,1,1
20210730_182659_13_2434,2021-07-30T18:26:59.136637Z,-125.312306,48.847949,29.0,28.1,29.0,0.4492,1.03,0,4.504,A,,>24m,1,1
20210730_182659_13_2434,2021-07-30T18:26:59.136637Z,-125.223125,48.789852,143.4,148.1,148.1,0.4237,1.03,0,4.863,A,,>24m,1,1
20210730_182659_13_2434,2021-07-30T18:26:59.136637Z,-125.321947,48.847941,25.4,27.0,27.0,0.3862,1.06,0,4.929,A,,>24m,2,0
20210730_182659_13_2434,2021-07-30T18:26:59.136637Z,-125.216105,48.796238,22.5,26.3,26.3,0.3767,1.17,0,4.972,A,,>24m,1,1
20210730_182659_13_2434,2021-07-30T18:26:59.136637Z,-125.21527,48.821095,27.4,29.2,29.2,0.3398,1.06,0,4.676,A,,>24m,1,1
20210730_182659_13_2434,2021-07-30T18:26:59.136637Z,-125.212075,48.84675,32.1,32.3,32.3,0.2964,1.01,0,6.048,A,,>24m,1,1
20210730_182659_13_2434,2021-07-30T18:26:59.136637Z,-125.217053,48.845215,44.4,38.1,44.4,0.2006,1.17,0,5.655,A,,>24m,1,1
20210730_182659_13_2434,2021-07-30T18:26:59.136637Z,-125.225074,48.829479,23.1,27.5,27.5,0.1951,1.19,0,4.249,A,,>24m,1,1
20210730_182659_13_2434,2021-07-30T18:26:59.136637Z,-125.314166,48.850828,28.4,34.7,34.7,0.1581,1.22,0,4.847,A,,>24m,2,0
20210730_182659_13_2434,2021-07-30T18:26:59.136637Z,-125.213787,48.797645,23.4,24.3,24.3,0.0593,1.04,0,5.069,A,,>24m,2,0
20210730_182659_13_2434,2021-07-30T18:26:59.136637Z,-125.325309,48.854922,28.4,32.4,32.4,0.0554,1.14,0,5.688,A,,>24m,1,1
20210730_182659_13_2434,2021-07-30T18:26:59.136637Z,-125.224851,48.820583,18.1,20.4,20.4,0.0552,1.13,0,3.976,A,,12-24m,1,1
20210812_191832_32_2406,2021-08-12T19:18:32.325059Z,-125.268357,48.846592,147.1,60.3,147.1,0.6941,2.44,0,3.674,A,,>24m,1,1
20210812_191832_32_2406,2021-08-12T19:18:32.325059Z,-125.231945,48.838445,24.1,25.9,25.9,0.6149,1.08,0,4.333,A,,>24m,1,1
20210812_191832_32_2406,2021-08-12T19:18:32.325059Z,-125.280136,48.83332,37.0,39.9,39.9,0.6141,1.08,0,2.13,A,,>24m,1,1
20210812_191832_32_2406,2021-08-12T19:18:32.325059Z,-125.315493,48.849926,21.3,24.2,24.2,0.5589,1.13,0,4.817,A,,>24m,1,1
20210812_191832_32_2406,2021-08-12T19:18:32.325059Z,-125.216254,48.819906,25.3,25.7,25.7,0.523,1.02,0,4.585,A,,>24m,1,1
20210812_191832_32_2406,2021-08-12T19:18:32.325059Z,-125.219155,48.832618,107.5,132.0,132.0,0.5228,1.23,0,4.788,A,,>24m,2,0
20210812_191832_32_2406,2021-08-12T19:18:32.325059Z,-125.228873,48.828678,26.0,30.7,30.7,0.4702,1.18,0,3.959,A,,>24m,1,1
20210812_191832_32_2406,2021-08-12T19:18:32.325059Z,-125.255296,48.830335,29.6,38.2,38.2,0.3948,1.29,0,2.46,A,,>24m,1,1
20210812_191832_32_2406,2021-08-12T19:18:32.325059Z,-125.314492,48.852964,22.3,25.7,25.7,0.3892,1.15,0,5.06,A,,>24m,2,0
20210812_191832_32_2406,2021-08-12T19:18:32.325059Z,-125.314582,48.852137,27.6,33.0,33.0,0.3352,1.19,0,4.986,A,,>24m,1,1
20210812_191832_32_2406,2021-08-12T19:18:32.325059Z,-125.222511,48.832078,31.4,29.8,31.4,0.3182,1.05,0,4.541,A,,>24m,1,1
20210812_191832_32_2406,2021-08-12T19:18:32.325059Z,-125.337078,48.841079,29.4,33.9,33.9,0.3164,1.15,0,5.24,A,,>24m,1,1
20210812_191832_32_2406,2021-08-12T19:18:32.325059Z,-125.261994,48.7881,29.1,28.7,29.1,0.3044,1.01,0,3.138,A,,>24m,1,1
20210812_191832_32_2406,2021-08-12T19:18:32.325059Z,-125.317394,48.850607,25.1,24.3,25.1,0.2982,1.03,0,4.958,A,,>24m,1,1
20210812_191832_32_2406,2021-08-12T19:18:32.325059Z,-125.319965,48.834376,30.5,27.1,30.5,0.2966,1.13,0,3.788,A,,>24m,1,1
20210812_191832_32_2406,2021-08-12T19:18:32.325059Z,-125.310268,48.85719,26.2,27.9,27.9,0.2816,1.06,0,5.323,A,,>24m,1,1
20210812_191832_32_2406,2021-08-12T19:18:32.325059Z,-125.225845,48.793198,47.9,132.1,132.1,0.2771,2.76,1,4.494,A,,>24m,1,1
20210812_191832_32_2406,2021-08-12T19:18:32.325059Z,-125.312803,48.854539,26.6,30.7,30.7,0.2353,1.16,0,5.148,A,,>24m,2,0
20210812_191832_32_2406,2021-08-12T19:18:32.325059Z,-125.233944,48.824372,133.9,144.8,144.8,0.2338,1.08,0,3.437,A,,>24m,1,1
20210812_191832_32_2406,2021-08-12T19:18:32.325059Z,-125.309366,48.858544,25.3,28.7,28.7,0.1895,1.13,0,5.43,A,,>24m,2,0
20210812_191832_32_2406,2021-08-12T19:18:32.325059Z,-125.340553,48.84377,19.6,19.5,19.6,0.1649,1.0,0,5.621,A,,12-24m,2,0
20210812_191832_32_2406,2021-08-12T19:18:32.325059Z,-125.327287,48.836159,30.3,24.0,30.3,0.1535,1.27,0,4.34,A,,>24m,1,1
20210812_191832_32_2406,2021-08-12T19:18:32.325059Z,-125.220653,48.849573,28.2,110.0,110.0,0.1223,3.89,1,5.767,A,,>24m,1,1
20210812_191832_32_2406,2021-08-12T19:18:32.325059Z,-125.228542,48.819608,28.5,29.3,29.3,0.1047,1.03,0,3.691,A,,>24m,1,1
20210812_191832_32_2406,2021-08-12T19:18:32.325059Z,-125.226131,48.834363,32.2,82.2,82.2,0.1027,2.55,1,4.427,A,,>24m,1,1
20210812_191832_32_2406,2021-08-12T19:18:32.325059Z,-125.314697,48.836997,34.4,32.4,34.4,0.1008,1.06,0,3.679,A,,>24m,1,1
20210812_191832_32_2406,2021-08-12T19:18:32.325059Z,-125.230586,48.832258,47.7,117.1,117.1,0.087,2.46,0,4.028,A,,>24m,1,1
20210812_191832_32_2406,2021-08-12T19:18:32.325059Z,-125.234098,48.833509,62.9,45.4,62.9,0.0813,1.39,0,3.882,A,,>24m,1,1
20210812_191832_32_2406,2021-08-12T19:18:32.325059Z,-125.220729,48.85123,32.3,62.8,62.8,0.064,1.94,0,5.89,A,,>24m,1,1
20210812_191832_32_2406,2021-08-12T19:18:32.325059Z,-125.312225,48.83923,29.1,27.7,29.1,0.0519,1.05,0,3.731,A,,>24m,1,1
20210812_194340_68_1058,2021-08-12T19:43:40.689537Z,-125.222882,48.842967,125.4,104.7,125.4,0.6788,1.2,0,5.165,A,,>24m,1,1
20210812_194340_68_1058,2021-08-12T19:43:40.689537Z,-125.228391,48.789072,49.3,97.3,97.3,0.6559,1.97,0,4.6,A,,>24m,1,1
20210812_194340_68_1058,2021-08-12T19:43:40.689537Z,-125.2421,48.821825,38.4,32.9,38.4,0.5941,1.17,0,2.781,A,,>24m,1,1
20210812_194340_68_1058,2021-08-12T19:43:40.689537Z,-125.23429,48.824292,29.4,29.2,29.4,0.5888,1.01,0,3.41,A,,>24m,1,1
20210812_194340_68_1058,2021-08-12T19:43:40.689537Z,-125.341249,48.841114,30.1,39.7,39.7,0.588,1.32,0,5.496,A,,>24m,1,1
20210812_194340_68_1058,2021-08-12T19:43:40.689537Z,-125.31045,48.857424,26.8,32.0,32.0,0.5838,1.19,0,5.352,A,,>24m,1,1
20210812_194340_68_1058,2021-08-12T19:43:40.689537Z,-125.308052,48.851963,26.5,28.3,28.3,0.5802,1.07,0,4.731,A,,>24m,1,1
20210812_194340_68_1058,2021-08-12T19:43:40.689537Z,-125.212054,48.848303,31.9,30.3,31.9,0.5676,1.05,0,6.154,A,,>24m,1,1
20210812_194340_68_1058,2021-08-12T19:43:40.689537Z,-125.313776,48.854313,21.6,28.7,28.7,0.5464,1.32,0,5.162,A,,>24m,1,1
20210812_194340_68_1058,2021-08-12T19:43:40.689537Z,-125.31436,48.852594,25.9,30.4,30.4,0.5329,1.17,0,5.02,A,,>24m,2,0
20210812_194340_68_1058,2021-08-12T19:43:40.689537Z,-125.22006,48.83411,30.3,29.9,30.3,0.5328,1.01,0,4.803,A,,>24m,1,1
20210812_194340_68_1058,2021-08-12T19:43:40.689537Z,-125.217551,48.847004,90.4,50.8,90.4,0.5223,1.78,0,5.75,A,,>24m,1,1
20210812_194340_68_1058,2021-08-12T19:43:40.689537Z,-125.247054,48.796247,36.9,31.0,36.9,0.5051,1.19,0,3.035,A,,>24m,1,1
20210812_194340_68_1058,2021-08-12T19:43:40.689537Z,-125.322154,48.848118,20.5,21.7,21.7,0.4664,1.06,0,4.954,A,,12-24m,2,0
20210812_194340_68_1058,2021-08-12T19:43:40.689537Z,-125.291638,48.844622,30.1,31.1,31.1,0.437,1.03,0,3.521,A,,>24m,1,1
20210812_194340_68_1058,2021-08-12T19:43:40.689537Z,-125.283935,48.848949,41.2,55.9,55.9,0.397,1.36,0,3.886,A,,>24m,1,1
20210812_194340_68_1058,2021-08-12T19:43:40.689537Z,-125.218337,48.833546,31.3,35.3,35.3,0.3737,1.13,0,4.887,A,,>24m,5,0
20210812_194340_68_1058,2021-08-12T19:43:40.689537Z,-125.245088,48.826014,21.7,21.8,21.8,0.3527,1.0,0,2.762,A,,12-24m,1,1
20210812_194340_68_1058,2021-08-12T19:43:40.689537Z,-125.237133,48.823439,30.7,57.8,57.8,0.2979,1.88,0,3.183,A,,>24m,1,1
20210812_194340_68_1058,2021-08-12T19:43:40.689537Z,-125.229707,48.825869,24.4,27.4,27.4,0.2692,1.12,0,3.785,A,,>24m,1,1
20210812_194340_68_1058,2021-08-12T19:43:40.689537Z,-125.219698,48.856576,48.0,42.8,48.0,0.2688,1.12,0,6.371,A,,>24m,1,1
20210812_194340_68_1058,2021-08-12T19:43:40.689537Z,-125.232587,48.827073,50.9,83.1,83.1,0.2554,1.63,0,3.638,A,,>24m,1,1
20210812_194340_68_1058,2021-08-12T19:43:40.689537Z,-125.315367,48.85172,22.1,27.7,27.7,0.2448,1.25,0,4.978,A,,>24m,1,1
20210812_194340_68_1058,2021-08-12T19:43:40.689537Z,-125.210627,48.837316,51.4,87.3,87.3,0.18,1.7,0,5.58,A,,>24m,1,1
20210812_194340_68_1058,2021-08-12T19:43:40.689537Z,-125.234375,48.833747,130.9,132.9,132.9,0.1488,1.02,0,3.88,A,,>24m,1,1
20210812_194340_68_1058,2021-08-12T19:43:40.689537Z,-125.336589,48.786154,59.0,46.8,59.0,0.1442,1.26,0,5.288,A,,>24m,1,1
20210812_194340_68_1058,2021-08-12T19:43:40.689537Z,-125.215151,48.821486,24.7,26.0,26.0,0.1437,1.05,0,4.692,A,,>24m,1,1
20210812_194340_68_1058,2021-08-12T19:43:40.689537Z,-125.323331,48.832338,38.5,24.7,38.5,0.1237,1.56,0,3.866,A,,>24m,1,1
20210812_194340_68_1058,2021-08-12T19:43:40.689537Z,-125.25824,48.82906,34.4,42.8,42.8,0.1173,1.25,0,2.21,A,,>24m,1,1
20210812_194340_68_1058,2021-08-12T19:43:40.689537Z,-125.314852,48.852337,25.0,26.0,26.0,0.1079,1.04,0,5.015,A,,>24m,2,0
20210812_194340_68_1058,2021-08-12T19:43:40.689537Z,-125.218179,48.796638,40.7,28.0,40.7,0.1051,1.45,0,4.815,A,,>24m,2,0
20210812_194340_68_1058,2021-08-12T19:43:40.689537Z,-125.221654,48.84475,117.5,95.8,117.5,0.102,1.23,0,5.359,A,,>24m,1,1
20210812_194340_68_1058,2021-08-12T19:43:40.689537Z,-125.216858,48.839532,132.0,94.1,132.0,0.0891,1.4,0,5.306,A,,>24m,1,1
20210812_194340_68_1058,2021-08-12T19:43:40.689537Z,-125.252841,48.806211,24.7,28.7,28.7,0.0866,1.16,0,2.064,A,,>24m,1,1
20210812_194340_68_1058,2021-08-12T19:43:40.689537Z,-125.228396,48.789263,81.2,78.2,81.2,0.0806,1.04,0,4.586,A,,>24m,1,1
20210812_194340_68_1058,2021-08-12T19:43:40.689537Z,-125.239615,48.833574,30.8,29.7,30.8,0.0735,1.04,0,3.557,A,,>24m,1,1
20210812_194340_68_1058,2021-08-12T19:43:40.689537Z,-125.313119,48.822846,28.3,26.1,28.3,0.0671,1.08,0,2.726,A,,>24m,1,1
20210812_194340_68_1058,2021-08-12T19:43:40.689537Z,-125.210315,48.82153,14.2,22.4,22.4,0.0636,1.58,0,5.042,A,,12-24m,2,0
20210812_194340_68_1058,2021-08-12T19:43:40.689537Z,-125.298142,48.854629,19.0,23.7,23.7,0.0581,1.25,0,4.725,A,,12-24m,1,1
20210812_194340_68_1058,2021-08-12T19:43:40.689537Z,-125.314481,48.85176,26.2,31.5,31.5,0.0516,1.2,0,4.946,A,,>24m,1,1
20210812_194340_68_1058,2021-08-12T19:43:40.689537Z,-125.333697,48.85832,23.9,25.0,25.0,0.051,1.05,0,6.366,A,,>24m,1,1
20210824_181728_61_1067,2021-08-24T18:17:28.610209Z,-125.319054,48.846857,27.1,28.4,28.4,0.6618,1.05,0,4.701,A,,>24m,1,1
20210824_181728_61_1067,2021-08-24T18:17:28.610209Z,-125.313499,48.854088,22.6,29.3,29.3,0.6565,1.3,0,5.13,A,,>24m,1,1
20210824_181728_61_1067,2021-08-24T18:17:28.610209Z,-125.344309,48.836751,24.9,26.1,26.1,0.65,1.05,0,5.446,A,,>24m,1,1
20210824_181728_61_1067,2021-08-24T18:17:28.610209Z,-125.221815,48.795736,141.4,116.2,141.4,0.6346,1.22,0,4.617,A,,>24m,1,1
20210824_181728_61_1067,2021-08-24T18:17:28.610209Z,-125.335252,48.83606,138.4,141.8,141.8,0.6263,1.02,0,4.828,A,,>24m,1,1
20210824_181728_61_1067,2021-08-24T18:17:28.610209Z,-125.315341,48.852028,26.1,24.8,26.1,0.6145,1.05,0,5.005,A,,>24m,1,1
20210824_181728_61_1067,2021-08-24T18:17:28.610209Z,-125.226426,48.794915,36.4,28.6,36.4,0.614,1.27,0,4.361,A,,>24m,1,1
20210824_181728_61_1067,2021-08-24T18:17:28.610209Z,-125.316881,48.850941,23.4,24.0,24.0,0.5764,1.02,0,4.967,A,,>24m,1,1
20210824_181728_61_1067,2021-08-24T18:17:28.610209Z,-125.224127,48.777399,22.8,22.9,22.9,0.5704,1.0,0,5.699,A,,12-24m,1,1
20210824_181728_61_1067,2021-08-24T18:17:28.610209Z,-125.212899,48.80525,36.8,27.4,36.8,0.5221,1.34,0,4.89,A,,>24m,1,1
20210824_181728_61_1067,2021-08-24T18:17:28.610209Z,-125.223196,48.785019,24.0,23.8,24.0,0.5121,1.01,0,5.177,A,,>24m,1,1
20210824_181728_61_1067,2021-08-24T18:17:28.610209Z,-125.238762,48.829373,27.3,27.5,27.5,0.4899,1.01,0,3.349,A,,>24m,6,0
20210824_181728_61_1067,2021-08-24T18:17:28.610209Z,-125.310353,48.854354,28.3,31.8,31.8,0.4335,1.12,0,5.045,A,,>24m,2,0
20210824_181728_61_1067,2021-08-24T18:17:28.610209Z,-125.333096,48.854008,23.5,31.5,31.5,0.4261,1.34,0,5.974,A,,>24m,1,1
20210824_181728_61_1067,2021-08-24T18:17:28.610209Z,-125.253598,48.831003,26.2,32.9,32.9,0.4246,1.25,0,2.599,A,,>24m,1,1
20210824_181728_61_1067,2021-08-24T18:17:28.610209Z,-125.314847,48.851214,20.3,20.2,20.3,0.4129,1.0,0,4.91,A,,12-24m,1,1
20210824_181728_61_1067,2021-08-24T18:17:28.610209Z,-125.240664,48.832058,24.8,26.9,26.9,0.404,1.08,0,3.395,A,,>24m,3,0
20210824_181728_61_1067,2021-08-24T18:17:28.610209Z,-125.218374,48.83355,19.7,22.8,22.8,0.3775,1.16,0,4.885,A,,12-24m,5,0
20210824_181728_61_1067,2021-08-24T18:17:28.610209Z,-125.324752,48.8551,24.6,24.5,24.6,0.3714,1.0,0,5.679,A,,>24m,1,1
20210824_181728_61_1067,2021-08-24T18:17:28.610209Z,-125.216939,48.835795,20.3,31.0,31.0,0.3504,1.53,0,5.092,A,,>24m,1,1
20210824_181728_61_1067,2021-08-24T18:17:28.610209Z,-125.243242,48.830824,31.1,39.0,39.0,0.3478,1.26,0,3.162,A,,>24m,3,0
20210824_181728_61_1067,2021-08-24T18:17:28.610209Z,-125.33486,48.854142,26.5,25.3,26.5,0.3355,1.05,0,6.073,A,,>24m,2,0
20210824_181728_61_1067,2021-08-24T18:17:28.610209Z,-125.234421,48.817624,35.6,30.1,35.6,0.3121,1.19,0,3.234,A,,>24m,1,1
20210824_181728_61_1067,2021-08-24T18:17:28.610209Z,-125.278669,48.791218,26.6,27.2,27.2,0.2729,1.02,0,2.556,A,,>24m,1,1
20210824_181728_61_1067,2021-08-24T18:17:28.610209Z,-125.217467,48.794156,25.2,27.3,27.3,0.2691,1.09,0,4.98,A,,>24m,1,1
20210824_181728_61_1067,2021-08-24T18:17:28.610209Z,-125.218306,48.78919,26.1,18.6,26.1,0.2446,1.4,0,5.199,A,,>24m,1,1
20210824_181728_61_1067,2021-08-24T18:17:28.610209Z,-125.345742,48.85198,43.1,52.8,52.8,0.2136,1.23,0,6.483,A,,>24m,2,0
20210824_181728_61_1067,2021-08-24T18:17:28.610209Z,-125.227626,48.822668,18.5,20.7,20.7,0.2042,1.12,0,3.826,A,,12-24m,1,1
20210824_181728_61_1067,2021-08-24T18:17:28.610209Z,-125.240219,48.831738,21.2,18.6,21.2,0.2013,1.14,0,3.401,A,,12-24m,1,1
20210824_181728_61_1067,2021-08-24T18:17:28.610209Z,-125.212138,48.797502,24.7,20.8,24.7,0.1559,1.19,0,5.187,A,,>24m,1,1
20210824_181728_61_1067,2021-08-24T18:17:28.610209Z,-125.231188,48.816532,23.0,22.4,23.0,0.1394,1.03,0,3.458,A,,12-24m,1,1
20210824_181728_61_1067,2021-08-24T18:17:28.610209Z,-125.222434,48.841715,46.3,37.0,46.3,0.1334,1.25,0,5.106,A,,>24m,1,1
20210824_181728_61_1067,2021-08-24T18:17:28.610209Z,-125.314663,48.780597,52.0,33.7,52.0,0.1283,1.54,0,4.59,A,,>24m,1,1
20210824_181728_61_1067,2021-08-24T18:17:28.610209Z,-125.334375,48.853562,31.1,34.5,34.5,0.1154,1.11,0,6.001,A,,>24m,2,0
20210824_181728_61_1067,2021-08-24T18:17:28.610209Z,-125.214634,48.797565,19.9,21.9,21.9,0.0652,1.1,0,5.015,A,,12-24m,1,1
20210824_181728_61_1067,2021-08-24T18:17:28.610209Z,-125.223385,48.792268,84.3,42.8,84.3,0.0637,1.97,0,4.702,A,,>24m,3,0
20210824_181728_61_1067,2021-08-24T18:17:28.610209Z,-125.33319,48.854053,37.3,40.5,40.5,0.0627,1.09,0,5.983,A,,>24m,1,1
20210824_181728_61_1067,2021-08-24T18:17:28.610209Z,-125.220577,48.785266,20.2,22.4,22.4,0.0574,1.11,0,5.311,A,,12-24m,1,1
20210824_181728_61_1067,2021-08-24T18:17:28.610209Z,-125.34598,48.852831,41.4,51.2,51.2,0.0561,1.24,0,6.558,A,,>24m,1,1
20210824_181728_61_1067,2021-08-24T18:17:28.610209Z,-125.33339,48.852807,25.4,30.2,30.2,0.0516,1.19,0,5.891,A,,>24m,1,1
20220625_182034_44_2440,2022-06-25T18:20:34.440435Z,-125.213054,48.800606,121.2,102.7,121.2,0.6801,1.18,0,5.01,A,,>24m,1,1
20220625_182034_44_2440,2022-06-25T18:20:34.440435Z,-125.296072,48.852026,111.1,91.7,111.1,0.6002,1.21,0,4.403,A,,>24m,1,1
20220625_182034_44_2440,2022-06-25T18:20:34.440435Z,-125.290848,48.81139,27.7,26.5,27.7,0.5854,1.04,0,0.972,A,,>24m,1,1
20220625_182034_44_2440,2022-06-25T18:20:34.440435Z,-125.32685,48.846103,29.9,27.0,29.9,0.5572,1.11,0,5.023,A,,>24m,1,1
20220625_182034_44_2440,2022-06-25T18:20:34.440435Z,-125.222219,48.839333,37.4,35.2,37.4,0.5197,1.06,0,4.965,A,,>24m,1,1
20220625_182034_44_2440,2022-06-25T18:20:34.440435Z,-125.313208,48.854461,27.2,31.0,31.0,0.4625,1.14,0,5.155,A,,>24m,2,0
20220625_182034_44_2440,2022-06-25T18:20:34.440435Z,-125.213366,48.84089,26.0,27.0,27.0,0.4284,1.04,0,5.602,A,,>24m,1,1
20220625_182034_44_2440,2022-06-25T18:20:34.440435Z,-125.224271,48.786824,22.8,33.9,33.9,0.4179,1.49,0,4.991,A,,>24m,2,0
20220625_182034_44_2440,2022-06-25T18:20:34.440435Z,-125.314519,48.852883,27.9,26.6,27.9,0.3984,1.05,0,5.054,A,,>24m,2,0
20220625_182034_44_2440,2022-06-25T18:20:34.440435Z,-125.210465,48.838927,24.2,26.7,26.7,0.3815,1.1,0,5.675,A,,>24m,1,1
20220625_182034_44_2440,2022-06-25T18:20:34.440435Z,-125.212831,48.840744,21.9,23.5,23.5,0.3619,1.08,0,5.627,A,,12-24m,1,1
20220625_182034_44_2440,2022-06-25T18:20:34.440435Z,-125.211921,48.799664,32.0,29.0,32.0,0.3568,1.1,0,5.121,A,,>24m,1,1
20220625_182034_44_2440,2022-06-25T18:20:34.440435Z,-125.223485,48.792374,34.2,18.9,34.2,0.3034,1.81,0,4.69,A,,>24m,3,0
20220625_182034_44_2440,2022-06-25T18:20:34.440435Z,-125.304425,48.854722,21.6,21.9,21.9,0.1872,1.01,0,4.895,A,,12-24m,1,1
20220625_182034_44_2440,2022-06-25T18:20:34.440435Z,-125.216036,48.79838,24.9,23.2,24.9,0.1575,1.07,0,4.886,A,,>24m,1,1
20220625_182034_44_2440,2022-06-25T18:20:34.440435Z,-125.224088,48.827442,24.5,55.9,55.9,0.1471,2.29,0,4.232,A,,>24m,1,1
20220625_182034_44_2440,2022-06-25T18:20:34.440435Z,-125.217331,48.841306,22.6,23.4,23.4,0.1263,1.04,0,5.384,A,,12-24m,1,1
20220625_182034_44_2440,2022-06-25T18:20:34.440435Z,-125.304076,48.855724,20.8,21.5,21.5,0.1155,1.04,0,4.988,A,,12-24m,1,1
20220625_182034_44_2440,2022-06-25T18:20:34.440435Z,-125.253784,48.830981,98.8,106.2,106.2,0.1119,1.08,0,2.588,A,,>24m,1,1
20220625_182034_44_2440,2022-06-25T18:20:34.440435Z,-125.243238,48.830848,23.9,22.9,23.9,0.1087,1.04,0,3.163,A,,12-24m,3,0
20220625_182034_44_2440,2022-06-25T18:20:34.440435Z,-125.245647,48.85905,17.7,19.7,19.7,0.0775,1.11,0,5.529,A,,12-24m,2,0
20220625_182034_44_2440,2022-06-25T18:20:34.440435Z,-125.221871,48.786184,41.5,24.9,41.5,0.0767,1.67,0,5.174,A,,>24m,1,1
20220625_182034_44_2440,2022-06-25T18:20:34.440435Z,-125.215681,48.841999,21.6,23.0,23.0,0.072,1.07,0,5.527,A,,12-24m,1,1
20220625_182034_44_2440,2022-06-25T18:20:34.440435Z,-125.327901,48.856948,28.2,31.6,31.6,0.062,1.12,0,5.982,A,,>24m,3,0
20220725_185511_20_248e,2022-07-25T18:55:11.206340Z,-125.227555,48.828133,29.1,30.4,30.4,0.5766,1.04,0,4.024,A,,>24m,1,1
20220725_185511_20_248e,2022-07-25T18:55:11.206340Z,-125.22755,48.780751,56.1,117.1,117.1,0.5329,2.09,0,5.257,A,,>24m,1,1
20220725_185511_20_248e,2022-07-25T18:55:11.206340Z,-125.237743,48.825892,34.5,33.9,34.5,0.4789,1.02,0,3.24,A,,>24m,1,1
20220725_185511_20_248e,2022-07-25T18:55:11.206340Z,-125.301128,48.853791,32.1,31.5,32.1,0.4704,1.02,0,4.709,A,,>24m,1,1
20220725_185511_20_248e,2022-07-25T18:55:11.206340Z,-125.311728,48.85528,28.2,27.2,28.2,0.384,1.03,0,5.183,A,,>24m,2,0
20220725_185511_20_248e,2022-07-25T18:55:11.206340Z,-125.319223,48.846122,29.4,32.3,32.3,0.3479,1.1,0,4.646,A,,>24m,1,1
20220725_185511_20_248e,2022-07-25T18:55:11.206340Z,-125.336202,48.824222,31.3,31.0,31.3,0.2894,1.01,0,4.385,A,,>24m,1,1
20220725_185511_20_248e,2022-07-25T18:55:11.206340Z,-125.227902,48.78241,32.1,30.0,32.1,0.282,1.07,0,5.11,A,,>24m,1,1
20220725_185511_20_248e,2022-07-25T18:55:11.206340Z,-125.215501,48.769837,54.7,62.1,62.1,0.2062,1.14,0,6.744,A,,>24m,1,1
20220725_185511_20_248e,2022-07-25T18:55:11.206340Z,-125.311509,48.777572,71.1,67.7,71.1,0.1696,1.05,0,4.745,A,,>24m,1,1
20220725_185511_20_248e,2022-07-25T18:55:11.206340Z,-125.321021,48.851078,48.6,39.6,48.6,0.1618,1.23,0,5.158,A,,>24m,1,1
20220725_185511_20_248e,2022-07-25T18:55:11.206340Z,-125.238804,48.82943,22.8,23.8,23.8,0.1601,1.04,0,3.35,A,,12-24m,6,0
20220725_185511_20_248e,2022-07-25T18:55:11.206340Z,-125.32162,48.78198,106.3,146.5,146.5,0.1548,1.38,0,4.787,A,,>24m,1,1
20220725_185511_20_248e,2022-07-25T18:55:11.206340Z,-125.309601,48.855163,22.4,26.7,26.7,0.1454,1.19,0,5.099,A,,>24m,1,1
20220725_185511_20_248e,2022-07-25T18:55:11.206340Z,-125.268765,48.837004,41.7,47.5,47.5,0.1286,1.14,0,2.63,A,,>24m,1,1
20220725_185511_20_248e,2022-07-25T18:55:11.206340Z,-125.259623,48.813399,29.2,78.1,78.1,0.1211,2.67,1,1.369,A,,>24m,1,1
20220725_185511_20_248e,2022-07-25T18:55:11.206340Z,-125.338993,48.846028,36.4,35.6,36.4,0.1041,1.02,0,5.681,A,,>24m,1,1
20220725_185511_20_248e,2022-07-25T18:55:11.206340Z,-125.2245,48.799899,24.0,37.0,37.0,0.095,1.55,0,4.247,A,,>24m,1,1
20220725_185511_20_248e,2022-07-25T18:55:11.206340Z,-125.212897,48.835829,22.1,26.8,26.8,0.0926,1.22,0,5.357,A,,>24m,1,1
20220725_185511_20_248e,2022-07-25T18:55:11.206340Z,-125.294799,48.832386,30.1,29.9,30.1,0.0822,1.01,0,2.356,A,,>24m,1,1
20220725_185511_20_248e,2022-07-25T18:55:11.206340Z,-125.22588,48.817358,24.8,21.9,24.8,0.0637,1.13,0,3.853,A,,>24m,1,1
20220725_185511_20_248e,2022-07-25T18:55:11.206340Z,-125.299382,48.815288,30.5,29.6,30.5,0.0576,1.03,0,1.55,A,,>24m,1,1
20220725_185511_20_248e,2022-07-25T18:55:11.206340Z,-125.218715,48.834768,24.2,27.8,27.8,0.0516,1.15,0,4.924,A,,>24m,1,1
20220726_185457_24_2490,2022-07-26T18:54:57.246800Z,-125.321108,48.852185,22.6,22.9,22.9,0.5159,1.01,0,5.26,A,,12-24m,1,1
20220726_185457_24_2490,2022-07-26T18:54:57.246800Z,-125.259946,48.831964,89.6,44.8,89.6,0.498,2.0,0,2.388,A,,>24m,1,1
20220726_185457_24_2490,2022-07-26T18:54:57.246800Z,-125.228278,48.825145,22.4,25.2,25.2,0.4862,1.13,0,3.858,A,,>24m,1,1
20220726_185457_24_2490,2022-07-26T18:54:57.246800Z,-125.324291,48.851943,21.2,32.2,32.2,0.4584,1.52,0,5.381,A,,>24m,2,0
20220726_185457_24_2490,2022-07-26T18:54:57.246800Z,-125.312134,48.855185,21.8,29.7,29.7,0.3985,1.37,0,5.187,A,,>24m,2,0
20220726_185457_24_2490,2022-07-26T18:54:57.246800Z,-125.217337,48.839314,37.2,44.1,44.1,0.3856,1.19,0,5.263,A,,>24m,1,1
20220726_185457_24_2490,2022-07-26T18:54:57.246800Z,-125.31591,48.851549,33.4,29.8,33.4,0.3488,1.12,0,4.983,A,,>24m,1,1
20220726_185457_24_2490,2022-07-26T18:54:57.246800Z,-125.224591,48.819552,38.4,25.0,38.4,0.333,1.54,0,3.976,A,,>24m,1,1
20220726_185457_24_2490,2022-07-26T18:54:57.246800Z,-125.213238,48.844581,23.0,21.1,23.0,0.2479,1.09,0,5.838,A,,12-24m,1,1
20220726_185457_24_2490,2022-07-26T18:54:57.246800Z,-125.211437,48.797973,27.4,27.4,27.4,0.2324,1.0,0,5.217,A,,>24m,1,1
20220726_185457_24_2490,2022-07-26T18:54:57.246800Z,-125.237272,48.820385,54.7,78.8,78.8,0.231,1.44,0,3.08,A,,>24m,1,1
20220726_185457_24_2490,2022-07-26T18:54:57.246800Z,-125.237118,48.819587,40.8,40.1,40.8,0.2116,1.02,0,3.073,A,,>24m,1,1
20220726_185457_24_2490,2022-07-26T18:54:57.246800Z,-125.230002,48.823201,60.6,46.8,60.6,0.154,1.3,0,3.673,A,,>24m,1,1
20220726_185457_24_2490,2022-07-26T18:54:57.246800Z,-125.233563,48.821645,36.9,34.7,36.9,0.1121,1.07,0,3.377,A,,>24m,1,1
20220726_185457_24_2490,2022-07-26T18:54:57.246800Z,-125.233793,48.826263,91.8,79.3,91.8,0.1115,1.16,0,3.522,A,,>24m,1,1
20220726_185457_24_2490,2022-07-26T18:54:57.246800Z,-125.22588,48.786645,20.4,30.4,30.4,0.1045,1.49,0,4.911,A,,>24m,1,1
20220726_185457_24_2490,2022-07-26T18:54:57.246800Z,-125.218073,48.821735,18.6,24.4,24.4,0.0939,1.32,0,4.487,A,,>24m,1,1
20220726_185457_24_2490,2022-07-26T18:54:57.246800Z,-125.23599,48.818998,65.2,69.4,69.4,0.0926,1.06,0,3.142,A,,>24m,1,1
20220726_185457_24_2490,2022-07-26T18:54:57.246800Z,-125.237247,48.819951,56.7,125.6,125.6,0.0804,2.22,0,3.071,A,,>24m,1,1
20220726_185457_24_2490,2022-07-26T18:54:57.246800Z,-125.213555,48.844555,35.4,18.0,35.4,0.0652,1.97,0,5.817,A,,>24m,1,1
20220726_185457_24_2490,2022-07-26T18:54:57.246800Z,-125.23887,48.829464,26.3,23.0,26.3,0.0646,1.15,0,3.347,A,,>24m,6,0
20220726_185457_24_2490,2022-07-26T18:54:57.246800Z,-125.268179,48.83546,52.4,52.2,52.4,0.0588,1.0,0,2.477,A,,>24m,1,1
20220816_182157_60_2457,2022-08-16T18:21:57.609790Z,-125.334844,48.848449,27.1,32.8,32.8,0.6486,1.21,0,5.626,A,,>24m,1,1
20220816_182157_60_2457,2022-08-16T18:21:57.609790Z,-125.310929,48.856369,22.4,35.3,35.3,0.6373,1.58,0,5.263,A,,>24m,2,0
20220816_182157_60_2457,2022-08-16T18:21:57.609790Z,-125.21188,48.847424,26.0,37.0,37.0,0.6101,1.42,0,6.105,A,,>24m,1,1
20220816_182157_60_2457,2022-08-16T18:21:57.609790Z,-125.212256,48.846633,27.7,33.9,33.9,0.6013,1.22,0,6.03,A,,>24m,1,1
20220816_182157_60_2457,2022-08-16T18:21:57.609790Z,-125.223645,48.795139,35.3,26.6,35.3,0.5732,1.32,0,4.528,A,,>24m,1,1
20220816_182157_60_2457,2022-08-16T18:21:57.609790Z,-125.303537,48.855369,50.5,48.5,50.5,0.555,1.04,0,4.937,A,,>24m,1,1
20220816_182157_60_2457,2022-08-16T18:21:57.609790Z,-125.224191,48.819019,130.2,94.7,130.2,0.4563,1.38,0,3.996,A,,>24m,1,1
20220816_182157_60_2457,2022-08-16T18:21:57.609790Z,-125.21045,48.779014,25.7,29.9,29.9,0.4526,1.16,0,6.324,A,,>24m,1,1
20220816_182157_60_2457,2022-08-16T18:21:57.609790Z,-125.227574,48.796044,24.9,25.1,25.1,0.4403,1.01,0,4.227,A,,>24m,1,1
20220816_182157_60_2457,2022-08-16T18:21:57.609790Z,-125.211198,48.798984,21.0,21.4,21.4,0.4315,1.02,0,5.196,A,,12-24m,1,1
20220816_182157_60_2457,2022-08-16T18:21:57.609790Z,-125.236741,48.818168,29.4,35.2,35.2,0.3794,1.2,0,3.073,A,,>24m,2,0
20220816_182157_60_2457,2022-08-16T18:21:57.609790Z,-125.303325,48.855408,87.0,59.9,87.0,0.3397,1.45,0,4.935,A,,>24m,1,1
20220816_182157_60_2457,2022-08-16T18:21:57.609790Z,-125.227599,48.830132,17.5,20.1,20.1,0.2495,1.15,0,4.111,A,,12-24m,1,1
20220816_182157_60_2457,2022-08-16T18:21:57.609790Z,-125.217606,48.803892,66.6,71.6,71.6,0.245,1.07,0,4.588,A,,>24m,1,1
20220816_182157_60_2457,2022-08-16T18:21:57.609790Z,-125.213463,48.779408,55.2,91.9,91.9,0.2253,1.66,0,6.124,A,,>24m,1,1
20220816_182157_60_2457,2022-08-16T18:21:57.609790Z,-125.313046,48.854446,20.6,23.7,23.7,0.1846,1.15,0,5.148,A,,12-24m,2,0
20220816_182157_60_2457,2022-08-16T18:21:57.609790Z,-125.282146,48.822917,30.3,29.1,30.3,0.1507,1.04,0,1.01,A,,>24m,1,1
20220816_182157_60_2457,2022-08-16T18:21:57.609790Z,-125.303097,48.855533,129.8,97.3,129.8,0.1127,1.33,0,4.942,A,,>24m,1,1
20220816_182157_60_2457,2022-08-16T18:21:57.609790Z,-125.22479,48.780804,31.2,36.7,36.7,0.0719,1.18,0,5.398,A,,>24m,1,1
20220816_182157_60_2457,2022-08-16T18:21:57.609790Z,-125.304406,48.854822,69.5,69.6,69.6,0.0627,1.0,0,4.905,A,,>24m,1,1
20220816_182157_60_2457,2022-08-16T18:21:57.609790Z,-125.240718,48.832095,26.8,33.2,33.2,0.0621,1.24,0,3.394,A,,>24m,2,0
20220816_182157_60_2457,2022-08-16T18:21:57.609790Z,-125.212541,48.778419,100.9,117.2,117.2,0.0524,1.16,0,6.246,A,,>24m,1,1
20220816_182157_60_2457,2022-08-16T18:21:57.609790Z,-125.21634,48.78036,33.0,123.2,123.2,0.0524,3.74,1,5.894,A,,>24m,1,1
20220816_182157_60_2457,2022-08-16T18:21:57.609790Z,-125.212849,48.799397,23.9,21.4,23.9,0.051,1.12,0,5.066,A,,12-24m,1,1
20230606_182515_18_245c,2023-06-06T18:25:15.188284Z,-125.343527,48.840387,102.0,72.6,102.0,0.5606,1.4,0,5.594,A,,>24m,1,1
20230606_182515_18_245c,2023-06-06T18:25:15.188284Z,-125.321903,48.847967,27.5,27.4,27.5,0.337,1.0,0,4.929,A,,>24m,2,0
20230606_182515_18_245c,2023-06-06T18:25:15.188284Z,-125.344012,48.80363,54.2,58.1,58.1,0.3274,1.07,0,4.955,A,,>24m,1,1
20230606_182515_18_245c,2023-06-06T18:25:15.188284Z,-125.216464,48.843699,20.0,27.2,27.2,0.276,1.36,0,5.589,A,,>24m,1,1
20230606_182515_18_245c,2023-06-06T18:25:15.188284Z,-125.346042,48.805578,34.6,59.0,59.0,0.1758,1.71,0,5.054,A,,>24m,1,1
20230606_182515_18_245c,2023-06-06T18:25:15.188284Z,-125.281271,48.82327,70.3,143.7,143.7,0.1281,2.05,0,1.032,A,,>24m,1,1
20230606_182515_18_245c,2023-06-06T18:25:15.188284Z,-125.234008,48.820554,90.5,102.1,102.1,0.1164,1.13,0,3.317,A,,>24m,1,1
20230606_182515_18_245c,2023-06-06T18:25:15.188284Z,-125.267313,48.805705,25.4,40.7,40.7,0.1086,1.6,0,1.24,A,,>24m,1,1
20230606_182515_18_245c,2023-06-06T18:25:15.188284Z,-125.238856,48.829389,28.1,26.7,28.1,0.0834,1.05,0,3.344,A,,>24m,6,0
20230606_182515_18_245c,2023-06-06T18:25:15.188284Z,-125.240725,48.832084,22.6,27.5,27.5,0.0827,1.22,0,3.393,A,,>24m,2,0
20230606_182515_18_245c,2023-06-06T18:25:15.188284Z,-125.267063,48.78122,24.5,26.4,26.4,0.0818,1.08,0,3.758,A,,>24m,1,1
20230606_182515_18_245c,2023-06-06T18:25:15.188284Z,-125.223869,48.792809,24.6,31.9,31.9,0.0699,1.3,0,4.641,A,,>24m,1,1
20230606_182515_18_245c,2023-06-06T18:25:15.188284Z,-125.260403,48.812568,24.0,30.8,30.8,0.0683,1.29,0,1.321,A,,>24m,1,1
20230606_182515_18_245c,2023-06-06T18:25:15.188284Z,-125.322669,48.789608,24.3,34.4,34.4,0.0668,1.42,0,4.248,A,,>24m,1,1
20230606_182515_18_245c,2023-06-06T18:25:15.188284Z,-125.317202,48.770691,94.6,143.5,143.5,0.0648,1.52,0,5.616,A,,>24m,1,1
20230606_182515_18_245c,2023-06-06T18:25:15.188284Z,-125.343684,48.840159,130.6,139.5,139.5,0.0643,1.07,0,5.591,A,,>24m,1,1
20230606_182515_18_245c,2023-06-06T18:25:15.188284Z,-125.313924,48.799846,25.1,36.5,36.5,0.0638,1.45,0,3.06,A,,>24m,1,1
20230606_182515_18_245c,2023-06-06T18:25:15.188284Z,-125.224507,48.769565,18.4,21.1,21.1,0.052,1.15,0,6.336,A,,12-24m,1,1
20230617_185923_93_247a,2023-06-17T18:59:23.933539Z,-125.253255,48.82681,33.2,32.7,33.2,0.5801,1.02,0,2.307,A,,>24m,1,1
20230617_185923_93_247a,2023-06-17T18:59:23.933539Z,-125.308642,48.857053,24.8,29.3,29.3,0.5505,1.18,0,5.258,A,,>24m,1,1
20230617_185923_93_247a,2023-06-17T18:59:23.933539Z,-125.310626,48.85775,22.4,24.4,24.4,0.5276,1.09,0,5.39,A,,>24m,2,0
20230617_185923_93_247a,2023-06-17T18:59:23.933539Z,-125.258278,48.820378,23.6,26.7,26.7,0.4966,1.13,0,1.617,A,,>24m,1,1
20230617_185923_93_247a,2023-06-17T18:59:23.933539Z,-125.249465,48.836087,41.2,36.4,41.2,0.4948,1.13,0,3.221,A,,>24m,1,1
20230617_185923_93_247a,2023-06-17T18:59:23.933539Z,-125.276144,48.829853,24.3,27.5,27.5,0.4679,1.13,0,1.748,A,,>24m,1,1
20230617_185923_93_247a,2023-06-17T18:59:23.933539Z,-125.221384,48.831201,20.2,28.1,28.1,0.4235,1.39,0,4.574,A,,>24m,1,1
20230617_185923_93_247a,2023-06-17T18:59:23.933539Z,-125.252653,48.834309,28.0,33.4,33.4,0.3999,1.19,0,2.919,A,,>24m,1,1
20230617_185923_93_247a,2023-06-17T18:59:23.933539Z,-125.312817,48.839036,24.6,27.3,27.3,0.3828,1.11,0,3.744,A,,>24m,1,1
20230617_185923_93_247a,2023-06-17T18:59:23.933539Z,-125.230645,48.83887,37.1,37.9,37.9,0.3696,1.02,0,4.437,A,,>24m,1,1
20230617_185923_93_247a,2023-06-17T18:59:23.933539Z,-125.235697,48.839322,29.0,32.1,32.1,0.365,1.11,0,4.186,A,,>24m,1,1
20230617_185923_93_247a,2023-06-17T18:59:23.933539Z,-125.271718,48.835113,24.4,25.6,25.6,0.3507,1.05,0,2.374,A,,>24m,1,1
20230617_185923_93_247a,2023-06-17T18:59:23.933539Z,-125.221412,48.843479,25.5,29.2,29.2,0.3309,1.14,0,5.285,A,,>24m,1,1
20230617_185923_93_247a,2023-06-17T18:59:23.933539Z,-125.254019,48.832747,25.5,38.4,38.4,0.3035,1.5,0,2.722,A,,>24m,1,1
20230617_185923_93_247a,2023-06-17T18:59:23.933539Z,-125.250505,48.832366,24.6,23.6,24.6,0.3014,1.04,0,2.866,A,,>24m,1,1
20230617_185923_93_247a,2023-06-17T18:59:23.933539Z,-125.253312,48.832794,22.5,23.7,23.7,0.2712,1.05,0,2.76,A,,12-24m,1,1
20230617_185923_93_247a,2023-06-17T18:59:23.933539Z,-125.243833,48.830555,29.4,29.0,29.4,0.2442,1.01,0,3.109,A,,>24m,3,0
20230617_185923_93_247a,2023-06-17T18:59:23.933539Z,-125.217666,48.841778,27.9,31.7,31.7,0.2364,1.13,0,5.393,A,,>24m,1,1
20230617_185923_93_247a,2023-06-17T18:59:23.933539Z,-125.244467,48.835558,19.8,26.5,26.5,0.2333,1.34,0,3.43,A,,>24m,1,1
20230617_185923_93_247a,2023-06-17T18:59:23.933539Z,-125.249832,48.835366,23.5,25.6,25.6,0.2235,1.09,0,3.143,A,,>24m,1,1
20230617_185923_93_247a,2023-06-17T18:59:23.933539Z,-125.24065,48.832058,28.1,30.5,30.5,0.2218,1.09,0,3.396,A,,>24m,3,0
20230617_185923_93_247a,2023-06-17T18:59:23.933539Z,-125.237479,48.83991,26.4,24.5,26.4,0.2005,1.08,0,4.134,A,,>24m,1,1
20230617_185923_93_247a,2023-06-17T18:59:23.933539Z,-125.28654,48.827036,29.8,24.9,29.8,0.1979,1.2,0,1.55,A,,>24m,1,1
20230617_185923_93_247a,2023-06-17T18:59:23.933539Z,-125.286207,48.838992,25.7,24.8,25.7,0.1879,1.03,0,2.817,A,,>24m,1,1
20230617_185923_93_247a,2023-06-17T18:59:23.933539Z,-125.279543,48.830624,21.8,26.6,26.6,0.1872,1.22,0,1.829,A,,>24m,1,1
20230617_185923_93_247a,2023-06-17T18:59:23.933539Z,-125.252321,48.834029,22.2,24.4,24.4,0.1857,1.1,0,2.911,A,,>24m,1,1
20230617_185923_93_247a,2023-06-17T18:59:23.933539Z,-125.302784,48.858563,22.2,24.3,24.3,0.1714,1.1,0,5.249,A,,>24m,1,1
20230617_185923_93_247a,2023-06-17T18:59:23.933539Z,-125.221127,48.843954,20.3,22.9,22.9,0.1521,1.13,0,5.334,A,,12-24m,1,1
20230617_185923_93_247a,2023-06-17T18:59:23.933539Z,-125.249983,48.83247,25.9,23.9,25.9,0.1438,1.09,0,2.901,A,,>24m,1,1
20230617_185923_93_247a,2023-06-17T18:59:23.933539Z,-125.230844,48.820411,20.3,23.2,23.2,0.131,1.14,0,3.541,A,,12-24m,1,1
20230617_185923_93_247a,2023-06-17T18:59:23.933539Z,-125.281574,48.824843,27.3,28.6,28.6,0.1127,1.05,0,1.208,A,,>24m,1,1
20230617_185923_93_247a,2023-06-17T18:59:23.933539Z,-125.239876,48.83722,18.8,25.2,25.2,0.1097,1.34,0,3.802,A,,>24m,1,1
20230617_185923_93_247a,2023-06-17T18:59:23.933539Z,-125.238705,48.829462,27.4,25.5,27.4,0.1005,1.07,0,3.358,A,,>24m,6,0
20230617_185923_93_247a,2023-06-17T18:59:23.933539Z,-125.249743,48.832405,21.9,22.5,22.5,0.0953,1.02,0,2.909,A,,12-24m,1,1
20230617_185923_93_247a,2023-06-17T18:59:23.933539Z,-125.2714,48.834737,21.2,31.0,31.0,0.0841,1.47,0,2.338,A,,>24m,1,1
20230617_185923_93_247a,2023-06-17T18:59:23.933539Z,-125.240419,48.841274,26.0,37.0,37.0,0.0635,1.42,0,4.092,A,,>24m,1,1
20230617_185923_93_247a,2023-06-17T18:59:23.933539Z,-125.282562,48.831177,27.0,32.7,32.7,0.0603,1.21,0,1.914,A,,>24m,1,1
20230617_185923_93_247a,2023-06-17T18:59:23.933539Z,-125.251781,48.840239,25.7,26.9,26.9,0.0603,1.05,0,3.485,A,,>24m,1,1
20230617_185923_93_247a,2023-06-17T18:59:23.933539Z,-125.241475,48.843062,24.6,28.5,28.5,0.0563,1.16,0,4.19,A,,>24m,1,1
20230617_185923_93_247a,2023-06-17T18:59:23.933539Z,-125.27757,48.830767,27.2,23.8,27.2,0.0529,1.14,0,1.843,A,,>24m,1,1
20230617_185923_93_247a,2023-06-17T18:59:23.933539Z,-125.253364,48.832775,41.3,31.7,41.3,0.0528,1.3,0,2.755,A,,>24m,1,1
20230702_182116_85_242b,2023-07-02T18:21:16.852028Z,-125.235903,48.848435,33.0,71.4,71.4,0.5868,2.16,0,4.91,A,,>24m,1,1
20230702_182116_85_242b,2023-07-02T18:21:16.852028Z,-125.329917,48.843022,69.2,103.7,103.7,0.5376,1.5,0,4.956,A,,>24m,1,1
20230702_182116_85_242b,2023-07-02T18:21:16.852028Z,-125.250147,48.852317,119.0,107.2,119.0,0.5132,1.11,0,4.712,A,,>24m,1,1
20230702_182116_85_242b,2023-07-02T18:21:16.852028Z,-125.221458,48.837649,32.5,30.1,32.5,0.5069,1.08,0,4.909,A,,>24m,1,1
20230702_182116_85_242b,2023-07-02T18:21:16.852028Z,-125.247262,48.854251,56.3,68.3,68.3,0.4469,1.21,0,4.999,A,,>24m,1,1
20230702_182116_85_242b,2023-07-02T18:21:16.852028Z,-125.249197,48.813498,33.1,59.7,59.7,0.4287,1.8,0,2.131,A,,>24m,1,1
20230702_182116_85_242b,2023-07-02T18:21:16.852028Z,-125.243372,48.856936,61.5,41.8,61.5,0.3798,1.47,0,5.395,A,,>24m,1,1
20230702_182116_85_242b,2023-07-02T18:21:16.852028Z,-125.257827,48.780189,32.5,63.3,63.3,0.3523,1.95,0,4.068,A,,>24m,1,1
20230702_182116_85_242b,2023-07-02T18:21:16.852028Z,-125.239907,48.851808,27.3,45.3,45.3,0.3477,1.66,0,5.037,A,,>24m,1,1
20230702_182116_85_242b,2023-07-02T18:21:16.852028Z,-125.223601,48.815535,59.1,127.0,127.0,0.3397,2.15,0,4.006,A,,>24m,1,1
20230702_182116_85_242b,2023-07-02T18:21:16.852028Z,-125.226387,48.804362,26.1,37.8,37.8,0.3289,1.45,0,3.954,A,,>24m,1,1
20230702_182116_85_242b,2023-07-02T18:21:16.852028Z,-125.239934,48.851671,25.1,38.0,38.0,0.3217,1.51,0,5.024,A,,>24m,1,1
20230702_182116_85_242b,2023-07-02T18:21:16.852028Z,-125.214784,48.849082,56.1,49.7,56.1,0.3112,1.13,0,6.053,A,,>24m,1,1
20230702_182116_85_242b,2023-07-02T18:21:16.852028Z,-125.243013,48.835707,26.0,36.0,36.0,0.299,1.38,0,3.519,A,,>24m,1,1
20230702_182116_85_242b,2023-07-02T18:21:16.852028Z,-125.321608,48.852993,21.9,27.3,27.3,0.2738,1.24,0,5.354,A,,>24m,1,1
20230702_182116_85_242b,2023-07-02T18:21:16.852028Z,-125.319048,48.848037,30.2,34.2,34.2,0.2694,1.13,0,4.802,A,,>24m,1,1
20230702_182116_85_242b,2023-07-02T18:21:16.852028Z,-125.344501,48.830709,27.3,43.5,43.5,0.2603,1.59,0,5.184,A,,>24m,1,1
20230702_182116_85_242b,2023-07-02T18:21:16.852028Z,-125.235796,48.848412,19.1,84.4,84.4,0.247,4.41,1,4.913,A,,>24m,1,1
20230702_182116_85_242b,2023-07-02T18:21:16.852028Z,-125.214666,48.849201,73.5,78.0,78.0,0.2438,1.06,0,6.068,A,,>24m,1,1
20230702_182116_85_242b,2023-07-02T18:21:16.852028Z,-125.342862,48.820529,32.3,49.5,49.5,0.22,1.53,0,4.781,A,,>24m,1,1
20230702_182116_85_242b,2023-07-02T18:21:16.852028Z,-125.244755,48.771512,24.8,47.5,47.5,0.2181,1.91,0,5.344,A,,>24m,1,1
20230702_182116_85_242b,2023-07-02T18:21:16.852028Z,-125.346184,48.827437,15.7,21.7,21.7,0.2177,1.39,0,5.185,A,,12-24m,1,1
20230702_182116_85_242b,2023-07-02T18:21:16.852028Z,-125.214393,48.84938,116.4,127.0,127.0,0.2151,1.09,0,6.097,A,,>24m,1,1
20230702_182116_85_242b,2023-07-02T18:21:16.852028Z,-125.34124,48.792343,29.7,36.9,36.9,0.2046,1.25,0,5.213,A,,>24m,1,1
20230702_182116_85_242b,2023-07-02T18:21:16.852028Z,-125.344621,48.828214,25.7,32.2,32.2,0.1948,1.25,0,5.101,A,,>24m,1,1
20230702_182116_85_242b,2023-07-02T18:21:16.852028Z,-125.258663,48.778773,26.5,48.9,48.9,0.1946,1.85,0,4.193,A,,>24m,1,1
20230702_182116_85_242b,2023-07-02T18:21:16.852028Z,-125.265227,48.816076,34.3,54.0,54.0,0.1888,1.58,0,0.978,A,,>24m,1,1
20230702_182116_85_242b,2023-07-02T18:21:16.852028Z,-125.279207,48.832242,26.3,56.0,56.0,0.1874,2.13,0,2.007,A,,>24m,1,1
20230702_182116_85_242b,2023-07-02T18:21:16.852028Z,-125.241225,48.775167,33.4,70.5,70.5,0.1775,2.11,0,5.119,A,,>24m,1,1
20230702_182116_85_242b,2023-07-02T18:21:16.852028Z,-125.214331,48.803218,37.1,47.4,47.4,0.1684,1.28,0,4.839,A,,>24m,1,1
20230702_182116_85_242b,2023-07-02T18:21:16.852028Z,-125.230101,48.805725,30.4,68.0,68.0,0.1591,2.24,0,3.652,A,,>24m,1,1
20230702_182116_85_242b,2023-07-02T18:21:16.852028Z,-125.299429,48.833417,23.1,48.5,48.5,0.1507,2.1,0,2.639,A,,>24m,1,1
20230702_182116_85_242b,2023-07-02T18:21:16.852028Z,-125.297682,48.805853,38.1,56.3,56.3,0.1477,1.48,0,1.697,A,,>24m,1,1
20230702_182116_85_242b,2023-07-02T18:21:16.852028Z,-125.274649,48.770496,30.0,58.6,58.6,0.1403,1.95,0,4.867,A,,>24m,1,1
20230702_182116_85_242b,2023-07-02T18:21:16.852028Z,-125.269504,48.815917,40.9,37.0,40.9,0.1366,1.11,0,0.67,A,,>24m,1,1
20230702_182116_85_242b,2023-07-02T18:21:16.852028Z,-125.25229,48.850854,45.6,61.9,61.9,0.1354,1.36,0,4.498,A,,>24m,1,1
20230702_182116_85_242b,2023-07-02T18:21:16.852028Z,-125.303195,48.802533,38.6,58.1,58.1,0.1279,1.5,0,2.239,A,,>24m,1,1
20230702_182116_85_242b,2023-07-02T18:21:16.852028Z,-125.219595,48.796231,141.3,46.2,141.3,0.126,3.06,1,4.739,A,,>24m,1,1
20230702_182116_85_242b,2023-07-02T18:21:16.852028Z,-125.218893,48.806257,27.7,24.8,27.7,0.1251,1.11,0,4.437,A,,>24m,1,1
20230702_182116_85_242b,2023-07-02T18:21:16.852028Z,-125.240647,48.777567,43.9,71.3,71.3,0.1226,1.63,0,4.918,A,,>24m,1,1
20230702_182116_85_242b,2023-07-02T18:21:16.852028Z,-125.253132,48.784751,36.5,50.5,50.5,0.1213,1.38,0,3.757,A,,>24m,1,1
20230702_182116_85_242b,2023-07-02T18:21:16.852028Z,-125.342842,48.842045,23.0,38.2,38.2,0.1176,1.66,0,5.65,A,,>24m,1,1
20230702_182116_85_242b,2023-07-02T18:21:16.852028Z,-125.288423,48.822474,22.6,41.7,41.7,0.1111,1.84,0,1.183,A,,>24m,1,1
20230702_182116_85_242b,2023-07-02T18:21:16.852028Z,-125.243817,48.833673,29.3,29.2,29.3,0.105,1.0,0,3.325,A,,>24m,1,1
20230702_182116_85_242b,2023-07-02T18:21:16.852028Z,-125.344755,48.831365,24.2,31.8,31.8,0.1047,1.31,0,5.228,A,,>24m,1,1
20230702_182116_85_242b,2023-07-02T18:21:16.852028Z,-125.252491,48.786144,26.0,56.3,56.3,0.1012,2.17,0,3.647,A,,>24m,1,1
20230702_182116_85_242b,2023-07-02T18:21:16.852028Z,-125.227295,48.811422,19.5,27.5,27.5,0.0987,1.41,0,3.746,A,,>24m,1,1
20230702_182116_85_242b,2023-07-02T18:21:16.852028Z,-125.218325,48.833558,26.3,26.8,26.8,0.0961,1.02,0,4.888,A,,>24m,5,0
20230702_182116_85_242b,2023-07-02T18:21:16.852028Z,-125.246311,48.77084,61.6,125.7,125.7,0.0937,2.04,0,5.36,A,,>24m,1,1
20230702_182116_85_242b,2023-07-02T18:21:16.852028Z,-125.295028,48.798524,30.0,48.7,48.7,0.0937,1.62,0,2.132,A,,>24m,1,1
20230702_182116_85_242b,2023-07-02T18:21:16.852028Z,-125.256448,48.836565,43.5,62.9,62.9,0.089,1.44,0,2.956,A,,>24m,1,1
20230702_182116_85_242b,2023-07-02T18:21:16.852028Z,-125.247415,48.854153,84.1,94.2,94.2,0.0886,1.12,0,4.984,A,,>24m,1,1
20230702_182116_85_242b,2023-07-02T18:21:16.852028Z,-125.320177,48.811908,36.2,73.8,73.8,0.0873,2.04,0,3.079,A,,>24m,1,1
20230702_182116_85_242b,2023-07-02T18:21:16.852028Z,-125.33689,48.831582,25.5,20.6,25.5,0.0856,1.24,0,4.706,A,,>24m,1,1
20230702_182116_85_242b,2023-07-02T18:21:16.852028Z,-125.263627,48.77656,62.5,89.8,89.8,0.0856,1.44,0,4.321,A,,>24m,1,1
20230702_182116_85_242b,2023-07-02T18:21:16.852028Z,-125.290362,48.836148,24.2,34.6,34.6,0.0848,1.43,0,2.596,A,,>24m,1,1
20230702_182116_85_242b,2023-07-02T18:21:16.852028Z,-125.346189,48.829094,16.2,64.2,64.2,0.0838,3.97,1,5.241,A,,>24m,1,1
20230702_182116_85_242b,2023-07-02T18:21:16.852028Z,-125.276411,48.832286,22.4,32.8,32.8,0.0815,1.47,0,2.016,A,,>24m,1,1
20230702_182116_85_242b,2023-07-02T18:21:16.852028Z,-125.324681,48.796299,30.8,50.5,50.5,0.0798,1.64,0,3.938,A,,>24m,1,1
20230702_182116_85_242b,2023-07-02T18:21:16.852028Z,-125.318788,48.777678,19.2,23.1,23.1,0.076,1.2,0,5.03,A,,12-24m,1,1
20230702_182116_85_242b,2023-07-02T18:21:16.852028Z,-125.262041,48.77641,64.7,145.8,145.8,0.074,2.26,0,4.367,A,,>24m,1,1
20230702_182116_85_242b,2023-07-02T18:21:16.852028Z,-125.310215,48.78206,23.4,37.6,37.6,0.0734,1.61,0,4.271,A,,>24m,1,1
20230702_182116_85_242b,2023-07-02T18:21:16.852028Z,-125.247069,48.780918,32.2,57.2,57.2,0.0721,1.78,0,4.35,A,,>24m,1,1
20230702_182116_85_242b,2023-07-02T18:21:16.852028Z,-125.333352,48.780088,26.9,43.5,43.5,0.0709,1.62,0,5.537,A,,>24m,1,1
20230702_182116_85_242b,2023-07-02T18:21:16.852028Z,-125.241372,48.775237,63.8,88.2,88.2,0.0708,1.38,0,5.107,A,,>24m,1,1
20230702_182116_85_242b,2023-07-02T18:21:16.852028Z,-125.231166,48.803795,21.6,29.5,29.5,0.0637,1.37,0,3.639,A,,>24m,1,1
20230702_182116_85_242b,2023-07-02T18:21:16.852028Z,-125.267481,48.778709,28.3,44.4,44.4,0.0634,1.57,0,4.025,A,,>24m,1,1
20230702_182116_85_242b,2023-07-02T18:21:16.852028Z,-125.314887,48.818094,40.3,45.3,45.3,0.0592,1.12,0,2.715,A,,>24m,1,1
20230702_182116_85_242b,2023-07-02T18:21:16.852028Z,-125.346225,48.812495,14.3,30.7,30.7,0.059,2.15,0,4.979,A,,>24m,1,1
20230702_182116_85_242b,2023-07-02T18:21:16.852028Z,-125.291101,48.800753,22.3,34.8,34.8,0.058,1.56,0,1.766,A,,>24m,1,1
20230702_182116_85_242b,2023-07-02T18:21:16.852028Z,-125.245078,48.777246,25.8,40.2,40.2,0.0579,1.56,0,4.775,A,,>24m,1,1
20230702_182116_85_242b,2023-07-02T18:21:16.852028Z,-125.228808,48.818067,32.7,31.7,32.7,0.0538,1.03,0,3.647,A,,>24m,1,1
20230702_182116_85_242b,2023-07-02T18:21:16.852028Z,-125.241119,48.775345,59.7,110.9,110.9,0.0536,1.86,0,5.106,A,,>24m,1,1
20230702_182116_85_242b,2023-07-02T18:21:16.852028Z,-125.256687,48.834553,82.6,128.9,128.9,0.0534,1.56,0,2.76,A,,>24m,1,1
20230702_182116_85_242b,2023-07-02T18:21:16.852028Z,-125.310975,48.815093,27.7,36.0,36.0,0.0531,1.3,0,2.396,A,,>24m,1,1
20230702_182116_85_242b,2023-07-02T18:21:16.852028Z,-125.252937,48.809301,29.0,49.7,49.7,0.0523,1.72,0,1.934,A,,>24m,1,1
20230702_182116_85_242b,2023-07-02T18:21:16.852028Z,-125.297986,48.786672,28.6,49.6,49.6,0.0518,1.73,0,3.384,A,,>24m,1,1
20230702_182116_85_242b,2023-07-02T18:21:16.852028Z,-125.245639,48.859064,18.7,17.5,18.7,0.0512,1.07,0,5.531,A,,12-24m,2,0
20230702_182116_85_242b,2023-07-02T18:21:16.852028Z,-125.328266,48.839382,32.2,47.8,47.8,0.0505,1.48,0,4.608,A,,>24m,1,1
20230714_182421_54_24b6,2023-07-14T18:24:21.547996Z,-125.332034,48.84395,24.1,21.6,24.1,0.7008,1.12,0,5.141,A,,>24m,1,1
20230714_182421_54_24b6,2023-07-14T18:24:21.547996Z,-125.340484,48.843753,26.4,24.5,26.4,0.6258,1.08,0,5.616,A,,>24m,2,0
20230714_182421_54_24b6,2023-07-14T18:24:21.547996Z,-125.224898,48.816924,22.9,24.4,24.4,0.5908,1.07,0,3.92,A,,>24m,1,1
20230714_182421_54_24b6,2023-07-14T18:24:21.547996Z,-125.228645,48.78711,27.2,28.4,28.4,0.5858,1.04,0,4.721,A,,>24m,1,1
20230714_182421_54_24b6,2023-07-14T18:24:21.547996Z,-125.237005,48.818365,29.9,32.3,32.3,0.5856,1.08,0,3.057,A,,>24m,2,0
20230714_182421_54_24b6,2023-07-14T18:24:21.547996Z,-125.219189,48.831098,32.8,36.2,36.2,0.4474,1.1,0,4.716,A,,>24m,2,0
20230714_182421_54_24b6,2023-07-14T18:24:21.547996Z,-125.23155,48.824029,20.5,20.6,20.6,0.4287,1.0,0,3.592,A,,12-24m,1,1
20230714_182421_54_24b6,2023-07-14T18:24:21.547996Z,-125.230238,48.816101,23.0,24.0,24.0,0.3538,1.05,0,3.524,A,,>24m,1,1
20230714_182421_54_24b6,2023-07-14T18:24:21.547996Z,-125.301973,48.855174,24.3,24.2,24.3,0.2862,1.0,0,4.875,A,,>24m,1,1
20230714_182421_54_24b6,2023-07-14T18:24:21.547996Z,-125.218659,48.832385,34.1,38.1,38.1,0.2568,1.12,0,4.81,A,,>24m,2,0
20230714_182421_54_24b6,2023-07-14T18:24:21.547996Z,-125.210725,48.779647,37.3,30.4,37.3,0.1607,1.23,0,6.265,A,,>24m,1,1
20230714_182421_54_24b6,2023-07-14T18:24:21.547996Z,-125.210317,48.836393,14.6,21.7,21.7,0.0872,1.49,0,5.554,A,,12-24m,1,1
20230714_182421_54_24b6,2023-07-14T18:24:21.547996Z,-125.218261,48.83251,31.8,34.3,34.3,0.0827,1.08,0,4.843,A,,>24m,1,1
20230714_182421_54_24b6,2023-07-14T18:24:21.547996Z,-125.245633,48.859059,19.5,18.8,19.5,0.0824,1.03,0,5.531,A,,12-24m,2,0
20230714_182421_54_24b6,2023-07-14T18:24:21.547996Z,-125.216796,48.834497,27.0,37.6,37.6,0.0597,1.39,0,5.035,A,,>24m,2,0
20230714_182421_54_24b6,2023-07-14T18:24:21.547996Z,-125.21212,48.859071,26.0,11.7,26.0,0.0509,2.22,0,6.953,A,,>24m,1,1
20230719_182055_22_2449,2023-07-19T18:20:55.227898Z,-125.228538,48.823565,29.2,35.8,35.8,0.703,1.22,0,3.788,A,,>24m,1,1
20230719_182055_22_2449,2023-07-19T18:20:55.227898Z,-125.218368,48.83357,26.5,30.9,30.9,0.6291,1.17,0,4.886,A,,>24m,5,0
20230719_182055_22_2449,2023-07-19T18:20:55.227898Z,-125.230173,48.823755,23.1,25.2,25.2,0.5866,1.09,0,3.679,A,,>24m,1,1
20230719_182055_22_2449,2023-07-19T18:20:55.227898Z,-125.327121,48.804682,31.9,28.9,31.9,0.5835,1.11,0,3.73,A,,>24m,1,1
20230719_182055_22_2449,2023-07-19T18:20:55.227898Z,-125.229531,48.816252,29.4,28.6,29.4,0.5634,1.03,0,3.577,A,,>24m,1,1
20230719_182055_22_2449,2023-07-19T18:20:55.227898Z,-125.310219,48.858751,27.7,26.2,27.7,0.5561,1.06,0,5.478,A,,>24m,1,1
20230719_182055_22_2449,2023-07-19T18:20:55.227898Z,-125.215896,48.801973,26.8,28.1,28.1,0.4875,1.05,0,4.766,A,,>24m,1,1
20230719_182055_22_2449,2023-07-19T18:20:55.227898Z,-125.225442,48.854741,81.2,55.6,81.2,0.4778,1.46,0,5.939,A,,>24m,1,1
20230719_182055_22_2449,2023-07-19T18:20:55.227898Z,-125.218013,48.835451,23.4,26.6,26.6,0.4437,1.14,0,5.005,A,,>24m,1,1
20230719_182055_22_2449,2023-07-19T18:20:55.227898Z,-125.320304,48.833372,33.4,37.1,37.1,0.4292,1.11,0,3.743,A,,>24m,1,1
20230719_182055_22_2449,2023-07-19T18:20:55.227898Z,-125.276558,48.786623,38.1,57.5,57.5,0.2635,1.51,0,3.069,A,,>24m,1,1
20230719_182055_22_2449,2023-07-19T18:20:55.227898Z,-125.287528,48.778697,31.6,55.8,55.8,0.1806,1.77,0,4.006,A,,>24m,1,1
20230719_182055_22_2449,2023-07-19T18:20:55.227898Z,-125.346205,48.77138,21.1,25.3,25.3,0.1316,1.2,0,6.887,A,,>24m,1,1
20230719_182055_22_2449,2023-07-19T18:20:55.227898Z,-125.25476,48.807252,27.9,42.3,42.3,0.1293,1.52,0,1.887,A,,>24m,1,1
20230719_182055_22_2449,2023-07-19T18:20:55.227898Z,-125.210316,48.821499,13.9,24.2,24.2,0.1216,1.74,0,5.042,A,,>24m,2,0
20230719_182055_22_2449,2023-07-19T18:20:55.227898Z,-125.25666,48.859068,27.1,12.6,27.1,0.1132,2.14,0,5.234,A,,>24m,1,1
20230719_182055_22_2449,2023-07-19T18:20:55.227898Z,-125.282823,48.805002,31.1,25.9,31.1,0.1044,1.2,0,1.076,A,,>24m,1,1
20230719_182055_22_2449,2023-07-19T18:20:55.227898Z,-125.252884,48.788596,26.2,41.0,41.0,0.0916,1.57,0,3.401,A,,>24m,1,1
20230719_182055_22_2449,2023-07-19T18:20:55.227898Z,-125.285127,48.817272,36.7,61.0,61.0,0.0888,1.66,0,0.607,A,,>24m,1,1
20230719_182055_22_2449,2023-07-19T18:20:55.227898Z,-125.273079,48.820699,36.9,59.6,59.6,0.0849,1.62,0,0.817,A,,>24m,1,1
20230719_182055_22_2449,2023-07-19T18:20:55.227898Z,-125.25975,48.819278,26.3,25.6,26.3,0.0821,1.03,0,1.469,A,,>24m,1,1
20230719_182055_22_2449,2023-07-19T18:20:55.227898Z,-125.245619,48.859066,21.4,17.8,21.4,0.0803,1.21,0,5.532,A,,12-24m,2,0
20230719_182055_22_2449,2023-07-19T18:20:55.227898Z,-125.255899,48.791606,29.6,45.4,45.4,0.0795,1.53,0,3.0,A,,>24m,1,1
20230719_182055_22_2449,2023-07-19T18:20:55.227898Z,-125.273493,48.795912,28.9,52.4,52.4,0.0745,1.81,0,2.063,A,,>24m,1,1
20230719_182055_22_2449,2023-07-19T18:20:55.227898Z,-125.242662,48.792554,19.6,47.8,47.8,0.0714,2.44,0,3.549,A,,>24m,1,1
20230719_182055_22_2449,2023-07-19T18:20:55.227898Z,-125.328132,48.769427,35.2,33.7,35.2,0.0655,1.04,0,6.174,A,,>24m,1,1
20230719_182055_22_2449,2023-07-19T18:20:55.227898Z,-125.249418,48.803732,21.7,27.6,27.6,0.0643,1.27,0,2.413,A,,>24m,1,1
20230719_182055_22_2449,2023-07-19T18:20:55.227898Z,-125.225219,48.854839,120.8,85.1,120.8,0.0593,1.42,0,5.958,A,,>24m,1,1
20230719_182055_22_2449,2023-07-19T18:20:55.227898Z,-125.287518,48.818769,24.4,17.0,24.4,0.0571,1.43,0,0.846,A,,>24m,1,1
20230719_182055_22_2449,2023-07-19T18:20:55.227898Z,-125.245407,48.859065,51.0,20.2,51.0,0.0547,2.53,1,5.539,A,,>24m,1,1
20230719_182055_22_2449,2023-07-19T18:20:55.227898Z,-125.317802,48.80312,33.8,49.9,49.9,0.0534,1.48,0,3.146,A,,>24m,1,1
20230719_182055_22_2449,2023-07-19T18:20:55.227898Z,-125.278654,48.85907,22.3,12.6,22.3,0.053,1.78,0,4.989,A,,12-24m,1,1
20230719_182055_22_2449,2023-07-19T18:20:55.227898Z,-125.280002,48.859052,20.8,13.9,20.8,0.0516,1.5,0,4.989,A,,12-24m,1,1
20230719_182055_22_2449,2023-07-19T18:20:55.227898Z,-125.346225,48.770502,17.0,25.5,25.5,0.0515,1.5,0,6.956,A,,>24m,1,1
20230815_182609_80_24c8,2023-08-15T18:26:09.801073Z,-125.269244,48.851749,23.0,28.3,28.3,0.6438,1.23,0,4.227,A,,>24m,1,1
20230815_182609_80_24c8,2023-08-15T18:26:09.801073Z,-125.224606,48.836719,134.1,107.7,134.1,0.6283,1.25,0,4.659,A,,>24m,1,1
20230815_182609_80_24c8,2023-08-15T18:26:09.801073Z,-125.212295,48.813779,23.4,27.3,27.3,0.6215,1.17,0,4.832,A,,>24m,1,1
20230815_182609_80_24c8,2023-08-15T18:26:09.801073Z,-125.210801,48.801669,20.1,22.3,22.3,0.6159,1.11,0,5.134,A,,12-24m,1,1
20230815_182609_80_24c8,2023-08-15T18:26:09.801073Z,-125.323671,48.848539,25.5,32.0,32.0,0.6024,1.26,0,5.062,A,,>24m,1,1
20230815_182609_80_24c8,2023-08-15T18:26:09.801073Z,-125.327094,48.850854,25.1,32.4,32.4,0.5857,1.29,0,5.42,A,,>24m,1,1
20230815_182609_80_24c8,2023-08-15T18:26:09.801073Z,-125.32331,48.847238,27.3,29.7,29.7,0.5852,1.09,0,4.936,A,,>24m,2,0
20230815_182609_80_24c8,2023-08-15T18:26:09.801073Z,-125.322362,48.846138,29.1,38.8,38.8,0.569,1.33,0,4.798,A,,>24m,2,0
20230815_182609_80_24c8,2023-08-15T18:26:09.801073Z,-125.345691,48.844065,24.7,29.8,29.8,0.5541,1.21,0,5.948,A,,>24m,1,1
20230815_182609_80_24c8,2023-08-15T18:26:09.801073Z,-125.210451,48.821741,33.5,31.5,33.5,0.5116,1.06,0,5.036,A,,>24m,1,1
20230815_182609_80_24c8,2023-08-15T18:26:09.801073Z,-125.262352,48.82331,28.0,40.9,40.9,0.4847,1.46,0,1.545,A,,>24m,1,1
20230815_182609_80_24c8,2023-08-15T18:26:09.801073Z,-125.240584,48.83472,20.6,25.8,25.8,0.4757,1.25,0,3.581,A,,>24m,1,1
20230815_182609_80_24c8,2023-08-15T18:26:09.801073Z,-125.330774,48.846403,28.9,53.8,53.8,0.4585,1.86,0,5.252,A,,>24m,1,1
20230815_182609_80_24c8,2023-08-15T18:26:09.801073Z,-125.298022,48.847306,60.3,55.3,60.3,0.4549,1.09,0,3.955,A,,>24m,1,1
20230815_182609_80_24c8,2023-08-15T18:26:09.801073Z,-125.221195,48.775919,25.8,25.5,25.8,0.438,1.01,0,5.967,A,,>24m,1,1
20230815_182609_80_24c8,2023-08-15T18:26:09.801073Z,-125.335587,48.848936,32.4,45.1,45.1,0.4285,1.39,0,5.702,A,,>24m,1,1
20230815_182609_80_24c8,2023-08-15T18:26:09.801073Z,-125.320092,48.850926,24.0,26.8,26.8,0.4208,1.12,0,5.103,A,,>24m,1,1
20230815_182609_80_24c8,2023-08-15T18:26:09.801073Z,-125.261494,48.825384,20.5,25.8,25.8,0.4082,1.25,0,1.748,A,,>24m,1,1
20230815_182609_80_24c8,2023-08-15T18:26:09.801073Z,-125.326896,48.853258,27.1,27.2,27.2,0.392,1.0,0,5.615,A,,>24m,1,1
20230815_182609_80_24c8,2023-08-15T18:26:09.801073Z,-125.303635,48.848622,23.8,30.3,30.3,0.3728,1.28,0,4.254,A,,>24m,1,1
20230815_182609_80_24c8,2023-08-15T18:26:09.801073Z,-125.263435,48.822372,32.7,34.1,34.1,0.3502,1.04,0,1.417,A,,>24m,1,1
20230815_182609_80_24c8,2023-08-15T18:26:09.801073Z,-125.304111,48.849173,31.1,42.9,42.9,0.3497,1.38,0,4.324,A,,>24m,1,1
20230815_182609_80_24c8,2023-08-15T18:26:09.801073Z,-125.322913,48.846853,25.5,29.2,29.2,0.3488,1.15,0,4.885,A,,>24m,1,1
20230815_182609_80_24c8,2023-08-15T18:26:09.801073Z,-125.324597,48.851712,24.2,32.2,32.2,0.3355,1.33,0,5.375,A,,>24m,1,1
20230815_182609_80_24c8,2023-08-15T18:26:09.801073Z,-125.218139,48.819393,42.4,43.3,43.3,0.3037,1.02,0,4.441,A,,>24m,1,1
20230815_182609_80_24c8,2023-08-15T18:26:09.801073Z,-125.324074,48.801005,46.6,36.0,46.6,0.3006,1.29,0,3.661,A,,>24m,1,1
20230815_182609_80_24c8,2023-08-15T18:26:09.801073Z,-125.297271,48.827596,51.9,45.3,51.9,0.2815,1.14,0,2.038,A,,>24m,1,1
20230815_182609_80_24c8,2023-08-15T18:26:09.801073Z,-125.324993,48.803285,29.5,39.0,39.0,0.262,1.32,0,3.63,A,,>24m,1,1
20230815_182609_80_24c8,2023-08-15T18:26:09.801073Z,-125.294205,48.829892,26.9,38.6,38.6,0.26,1.44,0,2.099,A,,>24m,1,1
20230815_182609_80_24c8,2023-08-15T18:26:09.801073Z,-125.282118,48.807093,29.1,31.9,31.9,0.2557,1.1,0,0.839,A,,>24m,1,1
20230815_182609_80_24c8,2023-08-15T18:26:09.801073Z,-125.324096,48.852115,16.5,25.6,25.6,0.2338,1.55,0,5.387,A,,>24m,2,0
20230815_182609_80_24c8,2023-08-15T18:26:09.801073Z,-125.24538,48.825588,67.5,34.3,67.5,0.2336,1.97,0,2.721,A,,>24m,1,1
20230815_182609_80_24c8,2023-08-15T18:26:09.801073Z,-125.323818,48.852166,54.0,32.1,54.0,0.2137,1.68,0,5.379,A,,>24m,2,0
20230815_182609_80_24c8,2023-08-15T18:26:09.801073Z,-125.345503,48.835458,82.4,57.8,82.4,0.1943,1.43,0,5.46,A,,>24m,1,1
20230815_182609_80_24c8,2023-08-15T18:26:09.801073Z,-125.246683,48.779351,24.7,32.2,32.2,0.1779,1.3,0,4.513,A,,>24m,1,1
20230815_182609_80_24c8,2023-08-15T18:26:09.801073Z,-125.298278,48.825833,26.5,27.3,27.3,0.1692,1.03,0,1.954,A,,>24m,1,1
20230815_182609_80_24c8,2023-08-15T18:26:09.801073Z,-125.273446,48.836742,25.6,31.1,31.1,0.1676,1.21,0,2.531,A,,>24m,1,1
20230815_182609_80_24c8,2023-08-15T18:26:09.801073Z,-125.325521,48.794081,20.4,26.8,26.8,0.1502,1.32,0,4.12,A,,>24m,1,1
20230815_182609_80_24c8,2023-08-15T18:26:09.801073Z,-125.298012,48.826193,23.6,45.4,45.4,0.1472,1.92,0,1.966,A,,>24m,1,1
20230815_182609_80_24c8,2023-08-15T18:26:09.801073Z,-125.319288,48.795361,66.5,98.6,98.6,0.1429,1.48,0,3.662,A,,>24m,1,1
20230815_182609_80_24c8,2023-08-15T18:26:09.801073Z,-125.261759,48.824479,19.7,21.7,21.7,0.1413,1.11,0,1.664,A,,12-24m,1,1
20230815_182609_80_24c8,2023-08-15T18:26:09.801073Z,-125.304304,48.852025,29.6,48.0,48.0,0.1384,1.62,0,4.617,A,,>24m,1,1
20230815_182609_80_24c8,2023-08-15T18:26:09.801073Z,-125.288215,48.829277,21.9,23.0,23.0,0.1374,1.05,0,1.828,A,,12-24m,1,1
20230815_182609_80_24c8,2023-08-15T18:26:09.801073Z,-125.210548,48.821701,48.2,47.2,48.2,0.1351,1.02,0,5.029,A,,>24m,1,1
20230815_182609_80_24c8,2023-08-15T18:26:09.801073Z,-125.260351,48.829571,22.2,33.1,33.1,0.135,1.49,0,2.155,A,,>24m,1,1
20230815_182609_80_24c8,2023-08-15T18:26:09.801073Z,-125.33142,48.803976,42.1,37.6,42.1,0.1336,1.12,0,4.054,A,,>24m,1,1
20230815_182609_80_24c8,2023-08-15T18:26:09.801073Z,-125.337461,48.85192,32.6,21.4,32.6,0.1321,1.52,0,6.03,A,,>24m,1,1
20230815_182609_80_24c8,2023-08-15T18:26:09.801073Z,-125.212689,48.776722,21.8,23.7,23.7,0.1316,1.09,0,6.36,A,,12-24m,1,1
20230815_182609_80_24c8,2023-08-15T18:26:09.801073Z,-125.300389,48.824274,25.6,46.3,46.3,0.1297,1.81,0,1.969,A,,>24m,1,1
20230815_182609_80_24c8,2023-08-15T18:26:09.801073Z,-125.265653,48.820475,26.2,26.2,26.2,0.1288,1.0,0,1.158,A,,>24m,1,1
20230815_182609_80_24c8,2023-08-15T18:26:09.801073Z,-125.210417,48.802024,23.1,29.3,29.3,0.1231,1.27,0,5.151,A,,>24m,1,1
20230815_182609_80_24c8,2023-08-15T18:26:09.801073Z,-125.218493,48.795464,23.0,28.0,28.0,0.1198,1.21,0,4.849,A,,>24m,1,1
20230815_182609_80_24c8,2023-08-15T18:26:09.801073Z,-125.319591,48.82872,37.3,32.1,37.3,0.118,1.16,0,3.429,A,,>24m,1,1
20230815_182609_80_24c8,2023-08-15T18:26:09.801073Z,-125.216969,48.800328,25.6,24.5,25.6,0.1155,1.04,0,4.747,A,,>24m,1,1
20230815_182609_80_24c8,2023-08-15T18:26:09.801073Z,-125.298769,48.847481,47.4,47.4,47.4,0.1139,1.0,0,3.993,A,,>24m,1,1
20230815_182609_80_24c8,2023-08-15T18:26:09.801073Z,-125.322385,48.852469,90.2,60.3,90.2,0.1109,1.5,0,5.341,A,,>24m,1,1
20230815_182609_80_24c8,2023-08-15T18:26:09.801073Z,-125.334241,48.84836,22.3,36.0,36.0,0.1099,1.61,0,5.586,A,,>24m,1,1
20230815_182609_80_24c8,2023-08-15T18:26:09.801073Z,-125.289268,48.817611,55.9,75.9,75.9,0.1089,1.36,0,0.89,A,,>24m,1,1
20230815_182609_80_24c8,2023-08-15T18:26:09.801073Z,-125.311468,48.836163,52.2,103.5,103.5,0.1072,1.98,0,3.445,A,,>24m,1,1
20230815_182609_80_24c8,2023-08-15T18:26:09.801073Z,-125.214703,48.821698,35.8,38.5,38.5,0.1066,1.08,0,4.729,A,,>24m,1,1
20230815_182609_80_24c8,2023-08-15T18:26:09.801073Z,-125.30162,48.821679,29.4,77.6,77.6,0.1057,2.63,1,1.901,A,,>24m,1,1
20230815_182609_80_24c8,2023-08-15T18:26:09.801073Z,-125.342515,48.795583,29.3,52.3,52.3,0.1051,1.78,0,5.14,A,,>24m,1,1
20230815_182609_80_24c8,2023-08-15T18:26:09.801073Z,-125.262437,48.823257,44.4,59.1,59.1,0.099,1.33,0,1.536,A,,>24m,1,1
20230815_182609_80_24c8,2023-08-15T18:26:09.801073Z,-125.240896,48.835182,30.5,44.5,44.5,0.0921,1.46,0,3.596,A,,>24m,1,1
20230815_182609_80_24c8,2023-08-15T18:26:09.801073Z,-125.298951,48.847371,68.0,74.0,74.0,0.0906,1.09,0,3.987,A,,>24m,1,1
20230815_182609_80_24c8,2023-08-15T18:26:09.801073Z,-125.261085,48.82659,24.7,34.6,34.6,0.0891,1.4,0,1.866,A,,>24m,1,1
20230815_182609_80_24c8,2023-08-15T18:26:09.801073Z,-125.339982,48.790067,25.2,19.3,25.2,0.0864,1.3,0,5.256,A,,>24m,1,1
20230815_182609_80_24c8,2023-08-15T18:26:09.801073Z,-125.25369,48.805488,23.7,28.9,28.9,0.0854,1.22,0,2.045,A,,>24m,1,1
20230815_182609_80_24c8,2023-08-15T18:26:09.801073Z,-125.313825,48.8589,33.9,31.1,33.9,0.0745,1.09,0,5.61,A,,>24m,1,1
20230815_182609_80_24c8,2023-08-15T18:26:09.801073Z,-125.217266,48.797639,23.0,47.3,47.3,0.073,2.06,0,4.833,A,,>24m,1,1
20230815_182609_80_24c8,2023-08-15T18:26:09.801073Z,-125.310448,48.808287,22.2,24.0,24.0,0.0727,1.08,0,2.446,A,,>24m,1,1
20230815_182609_80_24c8,2023-08-15T18:26:09.801073Z,-125.339159,48.811917,28.3,34.9,34.9,0.0645,1.23,0,4.465,A,,>24m,1,1
20230815_182609_80_24c8,2023-08-15T18:26:09.801073Z,-125.328794,48.790287,29.7,20.8,29.7,0.061,1.43,0,4.556,A,,>24m,1,1
20230815_182609_80_24c8,2023-08-15T18:26:09.801073Z,-125.298444,48.847387,21.5,63.5,63.5,0.061,2.95,1,3.974,A,,>24m,1,1
20230815_182609_80_24c8,2023-08-15T18:26:09.801073Z,-125.244476,48.832567,15.6,28.9,28.9,0.0608,1.85,0,3.208,A,,>24m,1,1
20230815_182609_80_24c8,2023-08-15T18:26:09.801073Z,-125.344811,48.854856,87.7,77.6,87.7,0.0605,1.13,0,6.645,A,,>24m,1,1
20230815_182609_80_24c8,2023-08-15T18:26:09.801073Z,-125.227912,48.817411,122.8,99.8,122.8,0.0601,1.23,0,3.705,A,,>24m,1,1
20230815_182609_80_24c8,2023-08-15T18:26:09.801073Z,-125.278658,48.85907,21.4,12.6,21.4,0.06,1.7,0,4.989,A,,12-24m,1,1
20230815_182609_80_24c8,2023-08-15T18:26:09.801073Z,-125.319447,48.858966,50.9,28.8,50.9,0.0583,1.77,0,5.819,A,,>24m,1,1
20230815_182609_80_24c8,2023-08-15T18:26:09.801073Z,-125.314648,48.834246,87.4,81.5,87.4,0.0582,1.07,0,3.473,A,,>24m,1,1
20230815_182609_80_24c8,2023-08-15T18:26:09.801073Z,-125.223636,48.827807,15.5,19.0,19.0,0.0552,1.22,0,4.277,A,,12-24m,1,1
20230815_182609_80_24c8,2023-08-15T18:26:09.801073Z,-125.228011,48.816285,25.1,31.9,31.9,0.0547,1.27,0,3.688,A,,>24m,1,1
20230815_182609_80_24c8,2023-08-15T18:26:09.801073Z,-125.32805,48.857169,74.7,108.4,108.4,0.0547,1.45,0,6.008,A,,>24m,3,0
20230815_182609_80_24c8,2023-08-15T18:26:09.801073Z,-125.217059,48.80042,41.3,47.9,47.9,0.0532,1.16,0,4.738,A,,>24m,1,1
20230815_182609_80_24c8,2023-08-15T18:26:09.801073Z,-125.213302,48.82453,22.8,27.4,27.4,0.0522,1.2,0,4.894,A,,>24m,1,1
20230815_182609_80_24c8,2023-08-15T18:26:09.801073Z,-125.322732,48.802733,28.8,39.2,39.2,0.0519,1.36,0,3.496,A,,>24m,1,1
20230815_182609_80_24c8,2023-08-15T18:26:09.801073Z,-125.309117,48.800092,25.5,29.1,29.1,0.0501,1.14,0,2.75,A,,>24m,1,1
20230815_182609_80_24c8,2023-08-15T18:26:09.801073Z,-125.313649,48.777207,21.9,31.5,31.5,0.05,1.44,0,4.861,A,,>24m,1,1
20240712_193845_41_2438,2024-07-12T19:38:45.411029Z,-125.331828,48.854803,34.0,62.3,62.3,0.3236,1.83,0,5.979,A,,>24m,1,1
20240712_193845_41_2438,2024-07-12T19:38:45.411029Z,-125.222603,48.837749,39.0,43.5,43.5,0.148,1.11,0,4.844,A,,>24m,1,1
20240712_193845_41_2438,2024-07-12T19:38:45.411029Z,-125.331581,48.856143,25.6,29.3,29.3,0.1473,1.14,0,6.081,A,,>24m,1,1
20240712_193845_41_2438,2024-07-12T19:38:45.411029Z,-125.253693,48.835126,31.6,72.9,72.9,0.1351,2.3,0,2.942,A,,>24m,1,1
20240712_193845_41_2438,2024-07-12T19:38:45.411029Z,-125.224436,48.841558,33.9,36.2,36.2,0.0984,1.07,0,4.979,A,,>24m,1,1
20240712_193845_41_2438,2024-07-12T19:38:45.411029Z,-125.218891,48.829137,26.7,37.9,37.9,0.0798,1.42,0,4.654,A,,>24m,1,1
20240712_193845_41_2438,2024-07-12T19:38:45.411029Z,-125.25368,48.834225,27.5,32.8,32.8,0.0744,1.2,0,2.864,A,,>24m,1,1
20240712_193845_41_2438,2024-07-12T19:38:45.411029Z,-125.222631,48.838759,33.1,49.2,49.2,0.0657,1.49,0,4.904,A,,>24m,1,1
20240712_193845_41_2438,2024-07-12T19:38:45.411029Z,-125.244662,48.845919,75.6,119.7,119.7,0.0568,1.58,0,4.301,A,,>24m,1,1
20240712_193845_41_2438,2024-07-12T19:38:45.411029Z,-125.22312,48.836975,34.6,44.2,44.2,0.0502,1.28,0,4.766,A,,>24m,1,1
20240712_193845_41_2438,2024-07-12T19:38:45.411029Z,-125.234608,48.821771,19.5,22.2,22.2,0.0501,1.14,0,3.306,A,,12-24m,1,1
20240713_184228_20_2415,2024-07-13T18:42:28.200124Z,-125.225819,48.816894,33.3,29.5,33.3,0.6743,1.13,0,3.853,A,,>24m,1,1
20240713_184228_20_2415,2024-07-13T18:42:28.200124Z,-125.226998,48.817607,23.8,24.7,24.7,0.661,1.04,0,3.774,A,,>24m,1,1
20240713_184228_20_2415,2024-07-13T18:42:28.200124Z,-125.23554,48.817216,29.0,38.0,38.0,0.6507,1.31,0,3.147,A,,>24m,1,1
20240713_184228_20_2415,2024-07-13T18:42:28.200124Z,-125.253258,48.837347,112.8,64.7,112.8,0.6449,1.74,0,3.159,A,,>24m,1,1
20240713_184228_20_2415,2024-07-13T18:42:28.200124Z,-125.237961,48.815194,26.7,30.3,30.3,0.6376,1.13,0,2.954,A,,>24m,1,1
20240713_184228_20_2415,2024-07-13T18:42:28.200124Z,-125.246267,48.798253,36.4,70.6,70.6,0.6363,1.94,0,2.939,A,,>24m,1,1
20240713_184228_20_2415,2024-07-13T18:42:28.200124Z,-125.311904,48.855862,23.7,25.7,25.7,0.6263,1.09,0,5.246,A,,>24m,1,1
20240713_184228_20_2415,2024-07-13T18:42:28.200124Z,-125.23683,48.82852,103.7,60.0,103.7,0.6138,1.73,0,3.427,A,,>24m,1,1
20240713_184228_20_2415,2024-07-13T18:42:28.200124Z,-125.228413,48.794839,26.9,20.9,26.9,0.6089,1.29,0,4.239,A,,>24m,1,1
20240713_184228_20_2415,2024-07-13T18:42:28.200124Z,-125.308244,48.856048,25.6,22.8,25.6,0.6072,1.12,0,5.144,A,,>24m,1,1
20240713_184228_20_2415,2024-07-13T18:42:28.200124Z,-125.227515,48.825884,24.6,26.3,26.3,0.6011,1.07,0,3.937,A,,>24m,1,1
20240713_184228_20_2415,2024-07-13T18:42:28.200124Z,-125.318485,48.849816,31.7,22.2,31.7,0.5868,1.43,0,4.934,A,,>24m,2,0
20240713_184228_20_2415,2024-07-13T18:42:28.200124Z,-125.314568,48.850769,23.2,24.5,24.5,0.5866,1.06,0,4.857,A,,>24m,2,0
20240713_184228_20_2415,2024-07-13T18:42:28.200124Z,-125.266262,48.847963,56.9,112.6,112.6,0.5857,1.98,0,3.856,A,,>24m,1,1
20240713_184228_20_2415,2024-07-13T18:42:28.200124Z,-125.227338,48.825361,25.1,30.8,30.8,0.5839,1.23,0,3.931,A,,>24m,1,1
20240713_184228_20_2415,2024-07-13T18:42:28.200124Z,-125.228622,48.794628,21.9,20.6,21.9,0.5639,1.07,0,4.238,A,,12-24m,1,1
20240713_184228_20_2415,2024-07-13T18:42:28.200124Z,-125.312768,48.85515,22.6,26.0,26.0,0.5484,1.15,0,5.206,A,,>24m,2,0
20240713_184228_20_2415,2024-07-13T18:42:28.200124Z,-125.339571,48.85175,23.6,22.9,23.6,0.543,1.03,0,6.129,A,,12-24m,1,1
20240713_184228_20_2415,2024-07-13T18:42:28.200124Z,-125.30802,48.858511,23.7,30.6,30.6,0.5404,1.29,0,5.387,A,,>24m,1,1
20240713_184228_20_2415,2024-07-13T18:42:28.200124Z,-125.294494,48.813363,26.6,37.4,37.4,0.5399,1.4,0,1.191,A,,>24m,1,1
20240713_184228_20_2415,2024-07-13T18:42:28.200124Z,-125.268979,48.850461,65.4,85.8,85.8,0.5021,1.31,0,4.089,A,,>24m,1,1
20240713_184228_20_2415,2024-07-13T18:42:28.200124Z,-125.238796,48.829412,27.2,32.5,32.5,0.4884,1.2,0,3.349,A,,>24m,6,0
20240713_184228_20_2415,2024-07-13T18:42:28.200124Z,-125.26541,48.851447,65.6,106.5,106.5,0.4843,1.63,0,4.247,A,,>24m,1,1
20240713_184228_20_2415,2024-07-13T18:42:28.200124Z,-125.22507,48.820377,21.1,21.9,21.9,0.4673,1.04,0,3.956,A,,12-24m,1,1
20240713_184228_20_2415,2024-07-13T18:42:28.200124Z,-125.307586,48.857569,27.5,29.6,29.6,0.452,1.08,0,5.278,A,,>24m,1,1
20240713_184228_20_2415,2024-07-13T18:42:28.200124Z,-125.309911,48.85825,23.1,24.3,24.3,0.4465,1.05,0,5.418,A,,>24m,1,1
20240713_184228_20_2415,2024-07-13T18:42:28.200124Z,-125.311963,48.856472,22.2,27.0,27.0,0.4462,1.21,0,5.308,A,,>24m,1,1
20240713_184228_20_2415,2024-07-13T18:42:28.200124Z,-125.265271,48.841974,27.3,33.2,33.2,0.4394,1.21,0,3.232,A,,>24m,1,1
20240713_184228_20_2415,2024-07-13T18:42:28.200124Z,-125.312309,48.855014,23.3,24.1,24.1,0.437,1.04,0,5.177,A,,>24m,2,0
20240713_184228_20_2415,2024-07-13T18:42:28.200124Z,-125.254201,48.858887,55.3,53.1,55.3,0.428,1.04,0,5.272,A,,>24m,1,1
20240713_184228_20_2415,2024-07-13T18:42:28.200124Z,-125.22872,48.794874,24.0,20.1,24.0,0.4263,1.2,0,4.218,A,,>24m,1,1
20240713_184228_20_2415,2024-07-13T18:42:28.200124Z,-125.228065,48.823729,24.4,27.5,27.5,0.4138,1.13,0,3.826,A,,>24m,1,1
20240713_184228_20_2415,2024-07-13T18:42:28.200124Z,-125.326669,48.815464,31.2,71.4,71.4,0.4098,2.29,0,3.546,A,,>24m,1,1
20240713_184228_20_2415,2024-07-13T18:42:28.200124Z,-125.256028,48.836571,49.6,35.3,49.6,0.4073,1.41,0,2.973,A,,>24m,1,1
20240713_184228_20_2415,2024-07-13T18:42:28.200124Z,-125.282631,48.84029,24.7,36.1,36.1,0.3977,1.46,0,2.919,A,,>24m,1,1
20240713_184228_20_2415,2024-07-13T18:42:28.200124Z,-125.234585,48.823932,30.0,53.9,53.9,0.3798,1.8,0,3.377,A,,>24m,1,1
20240713_184228_20_2415,2024-07-13T18:42:28.200124Z,-125.303454,48.853962,47.8,47.1,47.8,0.3615,1.02,0,4.79,A,,>24m,1,1
20240713_184228_20_2415,2024-07-13T18:42:28.200124Z,-125.280788,48.841498,29.4,36.5,36.5,0.3509,1.24,0,3.041,A,,>24m,1,1
20240713_184228_20_2415,2024-07-13T18:42:28.200124Z,-125.328644,48.844274,30.5,29.9,30.5,0.3458,1.02,0,4.978,A,,>24m,1,1
20240713_184228_20_2415,2024-07-13T18:42:28.200124Z,-125.309062,48.858552,26.9,28.0,28.0,0.3392,1.04,0,5.422,A,,>24m,2,0
20240713_184228_20_2415,2024-07-13T18:42:28.200124Z,-125.282487,48.839594,37.5,81.6,81.6,0.3338,2.18,0,2.84,A,,>24m,1,1
20240713_184228_20_2415,2024-07-13T18:42:28.200124Z,-125.212231,48.817956,21.1,24.5,24.5,0.3274,1.16,0,4.854,A,,>24m,1,1
20240713_184228_20_2415,2024-07-13T18:42:28.200124Z,-125.290568,48.813107,23.9,55.2,55.2,0.3025,2.31,0,0.908,A,,>24m,1,1
20240713_184228_20_2415,2024-07-13T18:42:28.200124Z,-125.242793,48.832221,22.7,22.7,22.7,0.291,1.0,0,3.281,A,,12-24m,1,1
20240713_184228_20_2415,2024-07-13T18:42:28.200124Z,-125.29037,48.804778,42.6,42.7,42.7,0.2907,1.0,0,1.372,A,,>24m,1,1
20240713_184228_20_2415,2024-07-13T18:42:28.200124Z,-125.328148,48.845013,25.0,25.2,25.2,0.2804,1.01,0,5.007,A,,>24m,1,1
20240713_184228_20_2415,2024-07-13T18:42:28.200124Z,-125.276782,48.843501,47.8,51.8,51.8,0.2775,1.08,0,3.26,A,,>24m,1,1
20240713_184228_20_2415,2024-07-13T18:42:28.200124Z,-125.277263,48.843042,22.2,22.1,22.2,0.2633,1.0,0,3.208,A,,12-24m,1,1
20240713_184228_20_2415,2024-07-13T18:42:28.200124Z,-125.238624,48.829825,33.0,31.8,33.0,0.258,1.04,0,3.383,A,,>24m,1,1
20240713_184228_20_2415,2024-07-13T18:42:28.200124Z,-125.234918,48.821935,25.5,23.4,25.5,0.2567,1.09,0,3.289,A,,>24m,1,1
20240713_184228_20_2415,2024-07-13T18:42:28.200124Z,-125.340268,48.848087,24.7,30.1,30.1,0.25,1.22,0,5.898,A,,>24m,1,1
20240713_184228_20_2415,2024-07-13T18:42:28.200124Z,-125.25433,48.837294,24.4,23.9,24.4,0.2457,1.02,0,3.109,A,,>24m,1,1
20240713_184228_20_2415,2024-07-13T18:42:28.200124Z,-125.266049,48.848103,24.5,90.4,90.4,0.2454,3.7,1,3.875,A,,>24m,1,1
20240713_184228_20_2415,2024-07-13T18:42:28.200124Z,-125.229889,48.794945,24.4,23.6,24.4,0.2321,1.03,0,4.14,A,,>24m,1,1
20240713_184228_20_2415,2024-07-13T18:42:28.200124Z,-125.334378,48.853565,34.5,32.2,34.5,0.2262,1.07,0,6.002,A,,>24m,2,0
20240713_184228_20_2415,2024-07-13T18:42:28.200124Z,-125.246023,48.830111,19.9,18.3,19.9,0.2156,1.09,0,2.951,A,,12-24m,1,1
20240713_184228_20_2415,2024-07-13T18:42:28.200124Z,-125.251276,48.797709,24.1,40.1,40.1,0.1978,1.66,0,2.697,A,,>24m,1,1
20240713_184228_20_2415,2024-07-13T18:42:28.200124Z,-125.336553,48.850292,27.6,36.0,36.0,0.1797,1.31,0,5.857,A,,>24m,1,1
20240713_184228_20_2415,2024-07-13T18:42:28.200124Z,-125.227691,48.7949,28.9,21.4,28.9,0.1708,1.35,0,4.281,A,,>24m,1,1
20240713_184228_20_2415,2024-07-13T18:42:28.200124Z,-125.212528,48.798767,92.2,54.1,92.2,0.1663,1.71,0,5.112,A,,>24m,1,1
20240713_184228_20_2415,2024-07-13T18:42:28.200124Z,-125.276703,48.843621,63.0,81.3,81.3,0.1662,1.29,0,3.273,A,,>24m,1,1
20240713_184228_20_2415,2024-07-13T18:42:28.200124Z,-125.244776,48.832306,31.9,25.9,31.9,0.1615,1.23,0,3.173,A,,>24m,1,1
20240713_184228_20_2415,2024-07-13T18:42:28.200124Z,-125.323412,48.831685,52.7,30.6,52.7,0.1593,1.72,0,3.834,A,,>24m,1,1
20240713_184228_20_2415,2024-07-13T18:42:28.200124Z,-125.221373,48.798412,52.3,31.4,52.3,0.1565,1.67,0,4.522,A,,>24m,1,1
20240713_184228_20_2415,2024-07-13T18:42:28.200124Z,-125.266267,48.849792,57.9,116.5,116.5,0.148,2.01,0,4.054,A,,>24m,1,1
20240713_184228_20_2415,2024-07-13T18:42:28.200124Z,-125.336292,48.850989,48.0,88.4,88.4,0.1472,1.84,0,5.896,A,,>24m,1,1
20240713_184228_20_2415,2024-07-13T18:42:28.200124Z,-125.244228,48.83036,24.1,21.9,24.1,0.1396,1.1,0,3.073,A,,>24m,2,0
20240713_184228_20_2415,2024-07-13T18:42:28.200124Z,-125.219804,48.828341,22.5,24.0,24.0,0.1393,1.07,0,4.561,A,,>24m,1,1
20240713_184228_20_2415,2024-07-13T18:42:28.200124Z,-125.283887,48.837041,32.1,42.4,42.4,0.137,1.32,0,2.573,A,,>24m,1,1
20240713_184228_20_2415,2024-07-13T18:42:28.200124Z,-125.229197,48.794473,25.8,21.9,25.8,0.1339,1.18,0,4.211,A,,>24m,1,1
20240713_184228_20_2415,2024-07-13T18:42:28.200124Z,-125.228782,48.82677,22.2,23.9,23.9,0.12,1.08,0,3.884,A,,12-24m,1,1
20240713_184228_20_2415,2024-07-13T18:42:28.200124Z,-125.254593,48.837021,27.4,25.2,27.4,0.1171,1.09,0,3.073,A,,>24m,1,1
20240713_184228_20_2415,2024-07-13T18:42:28.200124Z,-125.312946,48.856182,22.1,23.3,23.3,0.1153,1.05,0,5.313,A,,12-24m,1,1
20240713_184228_20_2415,2024-07-13T18:42:28.200124Z,-125.288042,48.787983,34.9,49.6,49.6,0.1123,1.42,0,3.002,A,,>24m,1,1
20240713_184228_20_2415,2024-07-13T18:42:28.200124Z,-125.298674,48.854919,33.1,42.9,42.9,0.1037,1.3,0,4.768,A,,>24m,1,1
20240713_184228_20_2415,2024-07-13T18:42:28.200124Z,-125.264062,48.853486,33.0,50.7,50.7,0.0991,1.54,0,4.491,A,,>24m,1,1
20240713_184228_20_2415,2024-07-13T18:42:28.200124Z,-125.288257,48.808242,26.6,35.8,35.8,0.0946,1.34,0,0.986,A,,>24m,1,1
20240713_184228_20_2415,2024-07-13T18:42:28.200124Z,-125.300733,48.854638,46.5,27.5,46.5,0.0922,1.69,0,4.787,A,,>24m,1,1
20240713_184228_20_2415,2024-07-13T18:42:28.200124Z,-125.268237,48.843328,25.2,50.5,50.5,0.0889,2.0,0,3.321,A,,>24m,1,1
20240713_184228_20_2415,2024-07-13T18:42:28.200124Z,-125.313919,48.852182,26.3,28.9,28.9,0.0827,1.1,0,4.964,A,,>24m,2,0
20240713_184228_20_2415,2024-07-13T18:42:28.200124Z,-125.243851,48.830575,26.2,26.3,26.3,0.0822,1.0,0,3.109,A,,>24m,3,0
20240713_184228_20_2415,2024-07-13T18:42:28.200124Z,-125.242482,48.829435,71.2,45.2,71.2,0.0819,1.57,0,3.12,A,,>24m,1,1
20240713_184228_20_2415,2024-07-13T18:42:28.200124Z,-125.218575,48.833611,16.3,58.3,58.3,0.0735,3.58,1,4.875,A,,>24m,5,0
20240713_184228_20_2415,2024-07-13T18:42:28.200124Z,-125.232284,48.786634,22.6,24.6,24.6,0.0718,1.09,0,4.555,A,,>24m,1,1
20240713_184228_20_2415,2024-07-13T18:42:28.200124Z,-125.226361,48.792323,19.5,23.4,23.4,0.0708,1.2,0,4.514,A,,12-24m,1,1
20240713_184228_20_2415,2024-07-13T18:42:28.200124Z,-125.2675,48.782311,21.8,26.1,26.1,0.0673,1.2,0,3.633,A,,>24m,1,1
20240713_184228_20_2415,2024-07-13T18:42:28.200124Z,-125.290382,48.804861,47.5,82.9,82.9,0.067,1.75,0,1.365,A,,>24m,1,1
20240713_184228_20_2415,2024-07-13T18:42:28.200124Z,-125.334896,48.854167,31.4,36.2,36.2,0.063,1.15,0,6.077,A,,>24m,2,0
20240713_184228_20_2415,2024-07-13T18:42:28.200124Z,-125.223973,48.786944,21.1,30.7,30.7,0.0626,1.46,0,5.0,A,,>24m,2,0
20240713_184228_20_2415,2024-07-13T18:42:28.200124Z,-125.28874,48.798754,60.2,130.8,130.8,0.0516,2.17,0,1.881,A,,>24m,1,1
20240801_192823_14_24ee,2024-08-01T19:28:23.145363Z,-125.31087,48.850191,25.8,24.8,25.8,0.6474,1.04,0,4.659,A,,>24m,1,1
20240801_192823_14_24ee,2024-08-01T19:28:23.145363Z,-125.225776,48.82818,22.2,25.4,25.4,0.6081,1.14,0,4.146,A,,>24m,1,1
20240801_192823_14_24ee,2024-08-01T19:28:23.145363Z,-125.231091,48.783572,28.8,32.6,32.6,0.5984,1.13,0,4.852,A,,>24m,1,1
20240801_192823_14_24ee,2024-08-01T19:28:23.145363Z,-125.3338,48.840868,27.4,30.1,30.1,0.5969,1.1,0,5.031,A,,>24m,1,1
20240801_192823_14_24ee,2024-08-01T19:28:23.145363Z,-125.3153,48.849244,26.8,22.7,26.8,0.5516,1.18,0,4.746,A,,>24m,1,1
20240801_192823_14_24ee,2024-08-01T19:28:23.145363Z,-125.317788,48.849823,34.6,29.3,34.6,0.5331,1.18,0,4.905,A,,>24m,2,0
20240801_192823_14_24ee,2024-08-01T19:28:23.145363Z,-125.218006,48.796726,22.2,21.2,22.2,0.5313,1.05,0,4.823,A,,12-24m,2,0
20240801_192823_14_24ee,2024-08-01T19:28:23.145363Z,-125.249409,48.795398,27.2,26.5,27.2,0.5208,1.03,0,2.973,A,,>24m,1,1
20240801_192823_14_24ee,2024-08-01T19:28:23.145363Z,-125.216904,48.796317,28.6,24.3,28.6,0.519,1.18,0,4.915,A,,>24m,1,1
20240801_192823_14_24ee,2024-08-01T19:28:23.145363Z,-125.314229,48.848316,23.5,24.7,24.7,0.485,1.05,0,4.617,A,,>24m,1,1
20240801_192823_14_24ee,2024-08-01T19:28:23.145363Z,-125.211018,48.798378,32.0,26.9,32.0,0.462,1.19,0,5.23,A,,>24m,1,1
20240801_192823_14_24ee,2024-08-01T19:28:23.145363Z,-125.213036,48.797909,27.0,26.5,27.0,0.4392,1.02,0,5.11,A,,>24m,1,1
20240801_192823_14_24ee,2024-08-01T19:28:23.145363Z,-125.211469,48.776227,27.0,27.3,27.3,0.4102,1.01,0,6.464,A,,>24m,1,1
20240801_192823_14_24ee,2024-08-01T19:28:23.145363Z,-125.31984,48.84658,25.6,26.0,26.0,0.3943,1.02,0,4.714,A,,>24m,1,1
20240801_192823_14_24ee,2024-08-01T19:28:23.145363Z,-125.260097,48.823471,32.8,29.4,32.8,0.3531,1.12,0,1.684,A,,>24m,1,1
20240801_192823_14_24ee,2024-08-01T19:28:23.145363Z,-125.310654,48.853476,31.5,29.0,31.5,0.3316,1.09,0,4.969,A,,>24m,1,1
20240801_192823_14_24ee,2024-08-01T19:28:23.145363Z,-125.262399,48.823864,31.6,31.0,31.6,0.3314,1.02,0,1.583,A,,>24m,1,1
20240801_192823_14_24ee,2024-08-01T19:28:23.145363Z,-125.313925,48.849107,27.0,25.0,27.0,0.324,1.08,0,4.677,A,,>24m,1,1
20240801_192823_14_24ee,2024-08-01T19:28:23.145363Z,-125.313732,48.849797,27.8,24.3,27.8,0.3072,1.15,0,4.733,A,,>24m,1,1
20240801_192823_14_24ee,2024-08-01T19:28:23.145363Z,-125.22224,48.780431,22.6,23.4,23.4,0.3057,1.04,0,5.563,A,,12-24m,1,1
20240801_192823_14_24ee,2024-08-01T19:28:23.145363Z,-125.260266,48.823494,57.6,36.7,57.6,0.273,1.57,0,1.675,A,,>24m,1,1
20240801_192823_14_24ee,2024-08-01T19:28:23.145363Z,-125.322581,48.842182,26.7,35.7,35.7,0.2563,1.34,0,4.494,A,,>24m,1,1
20240801_192823_14_24ee,2024-08-01T19:28:23.145363Z,-125.321477,48.85498,24.3,30.0,30.0,0.2486,1.24,0,5.528,A,,>24m,1,1
20240801_192823_14_24ee,2024-08-01T19:28:23.145363Z,-125.31108,48.85642,27.3,23.9,27.3,0.2411,1.14,0,5.273,A,,>24m,2,0
20240801_192823_14_24ee,2024-08-01T19:28:23.145363Z,-125.219473,48.795776,23.0,21.2,23.0,0.2179,1.09,0,4.769,A,,12-24m,1,1
20240801_192823_14_24ee,2024-08-01T19:28:23.145363Z,-125.323487,48.844075,17.9,21.7,21.7,0.2134,1.21,0,4.689,A,,12-24m,2,0
20240801_192823_14_24ee,2024-08-01T19:28:23.145363Z,-125.328743,48.84519,36.2,102.5,102.5,0.2,2.83,1,5.052,A,,>24m,1,1
20240801_192823_14_24ee,2024-08-01T19:28:23.145363Z,-125.32297,48.846325,20.0,19.2,20.0,0.1656,1.04,0,4.844,A,,12-24m,2,0
20240801_192823_14_24ee,2024-08-01T19:28:23.145363Z,-125.239204,48.813516,50.8,64.1,64.1,0.1402,1.26,0,2.862,A,,>24m,1,1
20240801_192823_14_24ee,2024-08-01T19:28:23.145363Z,-125.326902,48.843898,24.3,68.3,68.3,0.0944,2.81,1,4.855,A,,>24m,1,1
20240801_192823_14_24ee,2024-08-01T19:28:23.145363Z,-125.313437,48.849371,22.0,25.7,25.7,0.0751,1.17,0,4.682,A,,>24m,1,1
20240827_194346_64_2461,2024-08-27T19:43:46.643869Z,-125.226684,48.820571,146.3,103.8,146.3,0.1816,1.41,0,3.843,A,,>24m,1,1
20240827_194346_64_2461,2024-08-27T19:43:46.643869Z,-125.221457,48.789713,114.0,72.5,114.0,0.1672,1.57,0,4.973,A,,>24m,1,1
20240827_194346_64_2461,2024-08-27T19:43:46.643869Z,-125.304014,48.853151,22.3,21.7,22.3,0.1526,1.03,0,4.723,A,,12-24m,1,1
20240827_194346_64_2461,2024-08-27T19:43:46.643869Z,-125.230193,48.790417,34.7,26.8,34.7,0.0714,1.29,0,4.404,A,,>24m,1,1
20250630_193824_56_24db,2025-06-30T19:38:24.564594Z,-125.31186,48.854995,26.3,26.1,26.3,0.4661,1.0,0,5.159,A,,>24m,2,0
20250630_193824_56_24db,2025-06-30T19:38:24.564594Z,-125.334349,48.853668,30.8,37.9,37.9,0.4605,1.23,0,6.009,A,,>24m,1,1
20250630_193824_56_24db,2025-06-30T19:38:24.564594Z,-125.212885,48.837347,30.0,27.6,30.0,0.4519,1.08,0,5.435,A,,>24m,1,1
20250630_193824_56_24db,2025-06-30T19:38:24.564594Z,-125.31191,48.855401,28.1,24.8,28.1,0.4477,1.13,0,5.201,A,,>24m,1,1
20250630_193824_56_24db,2025-06-30T19:38:24.564594Z,-125.310091,48.852739,25.6,28.1,28.1,0.3085,1.1,0,4.877,A,,>24m,1,1
20250630_193824_56_24db,2025-06-30T19:38:24.564594Z,-125.312401,48.855462,24.8,25.4,25.4,0.2577,1.02,0,5.224,A,,>24m,1,1
20250630_193824_56_24db,2025-06-30T19:38:24.564594Z,-125.313977,48.853476,27.3,31.2,31.2,0.2356,1.14,0,5.089,A,,>24m,1,1
20250630_193824_56_24db,2025-06-30T19:38:24.564594Z,-125.21917,48.832696,104.7,111.3,111.3,0.163,1.06,0,4.791,A,,>24m,2,0
20250630_193824_56_24db,2025-06-30T19:38:24.564594Z,-125.313471,48.853585,26.3,24.5,26.3,0.1606,1.07,0,5.081,A,,>24m,1,1
20250630_193824_56_24db,2025-06-30T19:38:24.564594Z,-125.310805,48.856869,33.3,30.6,33.3,0.0864,1.09,0,5.308,A,,>24m,1,1
20250630_193824_56_24db,2025-06-30T19:38:24.564594Z,-125.331561,48.854017,53.8,56.5,56.5,0.0646,1.05,0,5.9,A,,>24m,1,1
20250808_194820_59_2539,2025-08-08T19:48:20.590007Z,-125.341015,48.844451,26.3,23.9,26.3,0.6307,1.1,0,5.693,A,,>24m,1,1
20250808_194820_59_2539,2025-08-08T19:48:20.590007Z,-125.323984,48.848873,30.1,28.2,30.1,0.6245,1.07,0,5.105,A,,>24m,1,1
20250808_194820_59_2539,2025-08-08T19:48:20.590007Z,-125.318772,48.850753,26.3,24.5,26.3,0.6073,1.07,0,5.031,A,,>24m,1,1
20250808_194820_59_2539,2025-08-08T19:48:20.590007Z,-125.217271,48.797803,22.3,26.6,26.6,0.596,1.19,0,4.825,A,,>24m,1,1
20250808_194820_59_2539,2025-08-08T19:48:20.590007Z,-125.254782,48.839753,50.7,85.2,85.2,0.5506,1.68,0,3.321,A,,>24m,1,1
20250808_194820_59_2539,2025-08-08T19:48:20.590007Z,-125.310525,48.854252,28.8,27.7,28.8,0.5496,1.04,0,5.04,A,,>24m,2,0
20250808_194820_59_2539,2025-08-08T19:48:20.590007Z,-125.216787,48.771892,79.9,46.4,79.9,0.5479,1.72,0,6.513,A,,>24m,1,1
20250808_194820_59_2539,2025-08-08T19:48:20.590007Z,-125.21363,48.799033,26.7,27.3,27.3,0.5425,1.02,0,5.026,A,,>24m,1,1
20250808_194820_59_2539,2025-08-08T19:48:20.590007Z,-125.312986,48.8527,23.8,23.3,23.8,0.5293,1.02,0,4.978,A,,12-24m,1,1
20250808_194820_59_2539,2025-08-08T19:48:20.590007Z,-125.212992,48.798379,20.4,21.1,21.1,0.5262,1.03,0,5.094,A,,12-24m,1,1
20250808_194820_59_2539,2025-08-08T19:48:20.590007Z,-125.314004,48.853647,27.2,31.4,31.4,0.5191,1.15,0,5.107,A,,>24m,1,1
20250808_194820_59_2539,2025-08-08T19:48:20.590007Z,-125.226168,48.781581,25.6,28.7,28.7,0.5141,1.12,0,5.265,A,,>24m,1,1
20250808_194820_59_2539,2025-08-08T19:48:20.590007Z,-125.248365,48.839504,37.1,26.7,37.1,0.5098,1.39,0,3.565,A,,>24m,1,1
20250808_194820_59_2539,2025-08-08T19:48:20.590007Z,-125.318709,48.850009,21.7,21.5,21.7,0.4865,1.01,0,4.961,A,,12-24m,1,1
20250808_194820_59_2539,2025-08-08T19:48:20.590007Z,-125.323633,48.851538,20.3,21.3,21.3,0.4426,1.05,0,5.316,A,,12-24m,1,1
20250808_194820_59_2539,2025-08-08T19:48:20.590007Z,-125.315957,48.850603,22.8,22.6,22.8,0.4195,1.01,0,4.898,A,,12-24m,1,1
20250808_194820_59_2539,2025-08-08T19:48:20.590007Z,-125.308529,48.857918,24.9,27.7,27.7,0.4087,1.11,0,5.342,A,,>24m,1,1
20250808_194820_59_2539,2025-08-08T19:48:20.590007Z,-125.314427,48.849735,23.5,25.1,25.1,0.3856,1.07,0,4.755,A,,>24m,1,1
20250808_194820_59_2539,2025-08-08T19:48:20.590007Z,-125.21512,48.798151,27.9,28.4,28.4,0.3793,1.02,0,4.958,A,,>24m,1,1
20250808_194820_59_2539,2025-08-08T19:48:20.590007Z,-125.251581,48.833737,123.6,126.7,126.7,0.3471,1.03,0,2.922,A,,>24m,1,1
20250808_194820_59_2539,2025-08-08T19:48:20.590007Z,-125.314763,48.851253,24.9,32.5,32.5,0.3407,1.3,0,4.91,A,,>24m,1,1
20250808_194820_59_2539,2025-08-08T19:48:20.590007Z,-125.224256,48.795629,29.3,26.4,29.3,0.3041,1.11,0,4.463,A,,>24m,1,1
20250808_194820_59_2539,2025-08-08T19:48:20.590007Z,-125.223011,48.801842,21.6,28.1,28.1,0.3006,1.3,0,4.274,A,,>24m,1,1
20250808_194820_59_2539,2025-08-08T19:48:20.590007Z,-125.310082,48.857881,27.9,22.4,27.9,0.2961,1.25,0,5.386,A,,>24m,2,0
20250808_194820_59_2539,2025-08-08T19:48:20.590007Z,-125.329576,48.855457,33.4,34.8,34.8,0.2691,1.04,0,5.928,A,,>24m,1,1
20250808_194820_59_2539,2025-08-08T19:48:20.590007Z,-125.22218,48.779508,25.8,23.6,25.8,0.2511,1.09,0,5.636,A,,>24m,1,1
20250808_194820_59_2539,2025-08-08T19:48:20.590007Z,-125.342406,48.842122,33.8,29.1,33.8,0.2404,1.16,0,5.628,A,,>24m,1,1
20250808_194820_59_2539,2025-08-08T19:48:20.590007Z,-125.250365,48.843273,22.4,25.1,25.1,0.2095,1.12,0,3.824,A,,>24m,1,1
20250808_194820_59_2539,2025-08-08T19:48:20.590007Z,-125.317186,48.854257,34.0,39.4,39.4,0.202,1.16,0,5.287,A,,>24m,1,1
20250808_194820_59_2539,2025-08-08T19:48:20.590007Z,-125.233578,48.824194,21.1,25.7,25.7,0.1825,1.22,0,3.456,A,,>24m,1,1
20250808_194820_59_2539,2025-08-08T19:48:20.590007Z,-125.236577,48.821942,26.8,28.9,28.9,0.1705,1.08,0,3.172,A,,>24m,1,1
20250808_194820_59_2539,2025-08-08T19:48:20.590007Z,-125.314268,48.852602,22.6,25.8,25.8,0.1693,1.14,0,5.017,A,,>24m,2,0
20250808_194820_59_2539,2025-08-08T19:48:20.590007Z,-125.333575,48.858863,44.0,47.3,47.3,0.1588,1.08,0,6.407,A,,>24m,1,1
20250808_194820_59_2539,2025-08-08T19:48:20.590007Z,-125.251313,48.833582,83.9,84.5,84.5,0.1546,1.01,0,2.923,A,,>24m,1,1
20250808_194820_59_2539,2025-08-08T19:48:20.590007Z,-125.250909,48.833297,28.4,19.8,28.4,0.1537,1.44,0,2.92,A,,>24m,1,1
20250808_194820_59_2539,2025-08-08T19:48:20.590007Z,-125.250368,48.842744,22.6,32.5,32.5,0.1509,1.44,0,3.775,A,,>24m,1,1
20250808_194820_59_2539,2025-08-08T19:48:20.590007Z,-125.336732,48.84891,19.8,23.9,23.9,0.1326,1.2,0,5.762,A,,12-24m,1,1
20250808_194820_59_2539,2025-08-08T19:48:20.590007Z,-125.311733,48.855149,29.8,26.4,29.8,0.1323,1.13,0,5.17,A,,>24m,2,0
20250808_194820_59_2539,2025-08-08T19:48:20.590007Z,-125.216765,48.790648,26.6,56.9,56.9,0.1284,2.14,0,5.211,A,,>24m,1,1
20250808_194820_59_2539,2025-08-08T19:48:20.590007Z,-125.318621,48.834516,23.1,24.0,24.0,0.1271,1.04,0,3.718,A,,>24m,1,1
20250808_194820_59_2539,2025-08-08T19:48:20.590007Z,-125.337564,48.852841,21.7,27.2,27.2,0.1259,1.25,0,6.107,A,,>24m,1,1
20250808_194820_59_2539,2025-08-08T19:48:20.590007Z,-125.24331,48.78926,27.4,26.0,27.4,0.1206,1.05,0,3.775,A,,>24m,1,1
20250808_194820_59_2539,2025-08-08T19:48:20.590007Z,-125.32329,48.846879,23.8,25.0,25.0,0.1189,1.05,0,4.905,A,,>24m,2,0
20250808_194820_59_2539,2025-08-08T19:48:20.590007Z,-125.325134,48.846451,23.4,24.6,24.6,0.1176,1.05,0,4.962,A,,>24m,1,1
20250808_194820_59_2539,2025-08-08T19:48:20.590007Z,-125.224829,48.827739,24.6,23.6,24.6,0.1145,1.04,0,4.193,A,,>24m,1,1
20250808_194820_59_2539,2025-08-08T19:48:20.590007Z,-125.324286,48.858095,37.8,52.3,52.3,0.1125,1.38,0,5.93,A,,>24m,1,1
20250808_194820_59_2539,2025-08-08T19:48:20.590007Z,-125.21077,48.840752,43.6,34.0,43.6,0.1065,1.28,0,5.756,A,,>24m,1,1
20250808_194820_59_2539,2025-08-08T19:48:20.590007Z,-125.214014,48.797359,28.5,26.5,28.5,0.0966,1.08,0,5.065,A,,>24m,2,0
20250808_194820_59_2539,2025-08-08T19:48:20.590007Z,-125.32789,48.856957,38.0,28.4,38.0,0.0746,1.34,0,5.982,A,,>24m,3,0
20250808_194820_59_2539,2025-08-08T19:48:20.590007Z,-125.230314,48.821797,21.6,24.1,24.1,0.0693,1.11,0,3.612,A,,>24m,1,1
20250808_194820_59_2539,2025-08-08T19:48:20.590007Z,-125.312125,48.856148,21.1,39.2,39.2,0.0683,1.86,0,5.281,A,,>24m,1,1
20250808_194820_59_2539,2025-08-08T19:48:20.590007Z,-125.214585,48.797874,26.1,23.9,26.1,0.0624,1.09,0,5.005,A,,>24m,1,1
20250825_193929_84_251f,2025-08-25T19:39:29.847462Z,-125.345583,48.84479,102.7,79.4,102.7,0.6887,1.29,0,5.987,A,,>24m,1,1
20250825_193929_84_251f,2025-08-25T19:39:29.847462Z,-125.227453,48.782871,28.4,26.6,28.4,0.6068,1.07,0,5.098,A,,>24m,1,1
20250825_193929_84_251f,2025-08-25T19:39:29.847462Z,-125.225432,48.794976,21.7,22.0,22.0,0.5821,1.01,0,4.421,A,,12-24m,1,1
20250825_193929_84_251f,2025-08-25T19:39:29.847462Z,-125.27137,48.842995,25.6,22.9,25.6,0.5795,1.12,0,3.242,A,,>24m,1,1
20250825_193929_84_251f,2025-08-25T19:39:29.847462Z,-125.223456,48.779735,26.2,24.3,26.2,0.5635,1.08,0,5.551,A,,>24m,1,1
20250825_193929_84_251f,2025-08-25T19:39:29.847462Z,-125.213677,48.77467,29.7,23.3,29.7,0.4373,1.27,0,6.459,A,,>24m,1,1
20250825_193929_84_251f,2025-08-25T19:39:29.847462Z,-125.214403,48.843663,63.5,39.5,63.5,0.3917,1.61,0,5.709,A,,>24m,1,1
20250825_193929_84_251f,2025-08-25T19:39:29.847462Z,-125.327954,48.857009,27.2,39.2,39.2,0.3513,1.44,0,5.99,A,,>24m,3,0
20250825_193929_84_251f,2025-08-25T19:39:29.847462Z,-125.238825,48.829438,28.7,27.9,28.7,0.326,1.03,0,3.349,A,,>24m,6,0
20250825_193929_84_251f,2025-08-25T19:39:29.847462Z,-125.313886,48.853154,21.4,26.3,26.3,0.3009,1.22,0,5.055,A,,>24m,1,1
20250825_193929_84_251f,2025-08-25T19:39:29.847462Z,-125.233981,48.831249,37.8,25.4,37.8,0.2796,1.49,0,3.756,A,,>24m,1,1
20250825_193929_84_251f,2025-08-25T19:39:29.847462Z,-125.314868,48.852593,31.1,34.3,34.3,0.2342,1.11,0,5.04,A,,>24m,2,0
20250825_193929_84_251f,2025-08-25T19:39:29.847462Z,-125.213717,48.807194,35.2,45.4,45.4,0.1955,1.29,0,4.791,A,,>24m,1,1
20250825_193929_84_251f,2025-08-25T19:39:29.847462Z,-125.213941,48.806299,26.8,35.9,35.9,0.1763,1.34,0,4.792,A,,>24m,1,1
20250825_193929_84_251f,2025-08-25T19:39:29.847462Z,-125.25221,48.836137,81.6,109.3,109.3,0.166,1.34,0,3.097,A,,>24m,1,1
20250825_193929_84_251f,2025-08-25T19:39:29.847462Z,-125.317442,48.849124,26.5,33.2,33.2,0.1652,1.25,0,4.827,A,,>24m,1,1
20250825_193929_84_251f,2025-08-25T19:39:29.847462Z,-125.326452,48.849073,25.5,32.6,32.6,0.1606,1.28,0,5.241,A,,>24m,1,1
20250825_193929_84_251f,2025-08-25T19:39:29.847462Z,-125.253747,48.830037,27.4,33.2,33.2,0.1184,1.21,0,2.515,A,,>24m,1,1
20250825_193929_84_251f,2025-08-25T19:39:29.847462Z,-125.218354,48.833597,26.9,25.0,26.9,0.1075,1.07,0,4.888,A,,>24m,5,0
20250825_193929_84_251f,2025-08-25T19:39:29.847462Z,-125.252779,48.834856,21.7,33.1,33.1,0.0926,1.52,0,2.96,A,,>24m,1,1
20250825_193929_84_251f,2025-08-25T19:39:29.847462Z,-125.213894,48.806503,33.3,90.6,90.6,0.0795,2.72,1,4.792,A,,>24m,1,1
20250825_193929_84_251f,2025-08-25T19:39:29.847462Z,-125.213789,48.806718,44.9,136.8,136.8,0.0752,3.05,1,4.795,A,,>24m,1,1
20250825_193929_84_251f,2025-08-25T19:39:29.847462Z,-125.316759,48.850992,22.7,23.1,23.1,0.0615,1.02,0,4.967,A,,12-24m,2,0
20250825_193929_84_251f,2025-08-25T19:39:29.847462Z,-125.218692,48.83548,21.3,28.8,28.8,0.0551,1.35,0,4.962,A,,>24m,1,1
20250825_193929_84_251f,2025-08-25T19:39:29.847462Z,-125.251607,48.83712,43.4,99.2,99.2,0.0501,2.28,0,3.21,A,,>24m,1,1
